Model,Dimension,Severity,Seed,Clean_Accuracy,Clean_Macro_F1,Perturbed_Accuracy,Perturbed_Macro_F1,Delta_F1,Realized_Rate,Changed_Instance_Rate
AraBERTv2,Textual Accuracy,10,42,0.6026605053046046,0.6006155672096679,0.574059389697036,0.571124179989626,0.029491387220041965,0.10009924788529696,0.726361697473477
AraBERTv2,Textual Accuracy,10,43,0.6026605053046046,0.6006155672096679,0.5742097779722192,0.571327495296213,0.02928807191345495,0.09993130786787319,0.7257054577272231
AraBERTv2,Textual Accuracy,10,44,0.6026605053046046,0.6006155672096679,0.5748386743957126,0.5722750376685299,0.02834052954113797,0.09973887659790845,0.7241742316526304
AraBERTv2,Textual Accuracy,10,45,0.6026605053046046,0.6006155672096679,0.5740320463742754,0.5709961888595307,0.02961937835013717,0.09991847911654221,0.7258285026796456
AraBERTv2,Textual Accuracy,10,46,0.6026605053046046,0.6006155672096679,0.5741550913266981,0.5713221469080356,0.02929342030163229,0.10009691538505497,0.727537460352182
AraBERTv2,Textual Accuracy,20,42,0.6026605053046046,0.6006155672096679,0.5439543913376353,0.5405279783097214,0.060087588899946476,0.19995241699506328,0.9278819862189653
AraBERTv2,Textual Accuracy,20,43,0.6026605053046046,0.6006155672096679,0.5449114076342557,0.5411768314713431,0.05943873573832481,0.19993025824276428,0.9292628240183747
AraBERTv2,Textual Accuracy,20,44,0.6026605053046046,0.6006155672096679,0.5461965438040031,0.5426775340952114,0.057938033114456555,0.19982646198199544,0.9285792409493602
AraBERTv2,Textual Accuracy,20,45,0.6026605053046046,0.6006155672096679,0.5462785737722848,0.5428302126044013,0.05778535460526657,0.20011335951176104,0.9270616865361478
AraBERTv2,Textual Accuracy,20,46,0.6026605053046046,0.6006155672096679,0.5436672864486493,0.5400080382867597,0.060607528922908216,0.1998614494856254,0.9270890298589085
AraBERTv2,Textual Accuracy,30,42,0.6026605053046046,0.6006155672096679,0.5137536913485726,0.5099714016064671,0.09064416560320077,0.2998569011101535,0.9785901782784644
AraBERTv2,Textual Accuracy,30,43,0.6026605053046046,0.6006155672096679,0.5131794815706004,0.509587609771399,0.09102795743826886,0.29996652862152734,0.9788499398446899
AraBERTv2,Textual Accuracy,30,44,0.6026605053046046,0.6006155672096679,0.5146970359838128,0.5106540464877124,0.08996152072195551,0.3000015161251573,0.9782210434211965
AraBERTv2,Textual Accuracy,30,45,0.6026605053046046,0.6006155672096679,0.5117713004484304,0.5082048374491933,0.0924107297604746,0.2998067523549506,0.9787405665536476
AraBERTv2,Textual Accuracy,30,46,0.6026605053046046,0.6006155672096679,0.5116892704801488,0.5080380766268436,0.09257749058282427,0.2999128811159614,0.9786995515695067
AraBERTv2,Completeness,10,42,0.6026605053046046,0.6006155672096679,0.5759460789675162,0.5735660380776244,0.027049529132043504,0.09990165059890457,0.779558131904189
AraBERTv2,Completeness,10,43,0.6026605053046046,0.6006155672096679,0.5770261402165591,0.5742889336172627,0.02632663359240517,0.10005868751365264,0.7797768784862736
AraBERTv2,Completeness,10,44,0.6026605053046046,0.6006155672096679,0.5777233949469539,0.5751687562378872,0.025446810971780698,0.09984930496065521,0.778382369025484
AraBERTv2,Completeness,10,45,0.6026605053046046,0.6006155672096679,0.577586678333151,0.5750876883927302,0.025527878816937744,0.09998721558450448,0.7794350869517663
AraBERTv2,Completeness,10,46,0.6026605053046046,0.6006155672096679,0.577490976703489,0.5748588990384901,0.025756668171177832,0.10005264763231618,0.7794214152903861
AraBERTv2,Completeness,20,42,0.6026605053046046,0.6006155672096679,0.548356666302089,0.5452219312167248,0.05539363599294311,0.19999053751923954,0.9588072842611834
AraBERTv2,Completeness,20,43,0.6026605053046046,0.6006155672096679,0.5501066389587662,0.547330951728224,0.05328461548144392,0.1999784577565666,0.9585201793721974
AraBERTv2,Completeness,20,44,0.6026605053046046,0.6006155672096679,0.5487121294979765,0.5458136763948596,0.05480189081480835,0.2000046305756913,0.957891282948704
AraBERTv2,Completeness,20,45,0.6026605053046046,0.6006155672096679,0.5475637099420322,0.5445308353997664,0.05608473180990148,0.1999140323556443,0.9573444164934923
AraBERTv2,Completeness,20,46,0.6026605053046046,0.6006155672096679,0.5481926063655256,0.5453630713084084,0.05525249590125947,0.20015361431532408,0.9583151044514929
AraBERTv2,Completeness,30,42,0.6026605053046046,0.6006155672096679,0.5141091545444603,0.5105019054187165,0.09011366179095137,0.29994151381572526,0.9904435086951766
AraBERTv2,Completeness,30,43,0.6026605053046046,0.6006155672096679,0.513767363009953,0.5092833801820426,0.09133218702762536,0.2999847996319699,0.9903341354041343
AraBERTv2,Completeness,30,44,0.6026605053046046,0.6006155672096679,0.5167477851908564,0.5129932506531113,0.08762231655655661,0.2999928528070852,0.989896642239965
AraBERTv2,Completeness,30,45,0.6026605053046046,0.6006155672096679,0.5142458711582631,0.5105007722610134,0.09011479494865449,0.29985594883012534,0.9904024937110357
AraBERTv2,Completeness,30,46,0.6026605053046046,0.6006155672096679,0.5153942907142076,0.5112826691038962,0.08933289810577172,0.29988614823680765,0.9900470305151482
AraBERTv2,Consistency,10,42,0.6026605053046046,0.6006155672096679,0.5639833752597616,0.5620450240382261,0.03857054317144182,0.1000659452734326,0.7978234715082577
AraBERTv2,Consistency,10,43,0.6026605053046046,0.6006155672096679,0.5663212293557913,0.564179491325603,0.036436075884064945,0.10006416537401472,0.7980832330744833
AraBERTv2,Consistency,10,44,0.6026605053046046,0.6006155672096679,0.5638466586459586,0.5619427366555586,0.038672830554109305,0.10009798346295451,0.7985070545772722
AraBERTv2,Consistency,10,45,0.6026605053046046,0.6006155672096679,0.5658563928688615,0.5639018490110929,0.03671371819857505,0.10014604074723737,0.798589084545554
AraBERTv2,Consistency,10,46,0.6026605053046046,0.6006155672096679,0.5658563928688615,0.5637412023042842,0.03687436490538376,0.09988528548251738,0.7981789347041452
AraBERTv2,Consistency,20,42,0.6026605053046046,0.6006155672096679,0.5273843377447227,0.5262219429193525,0.07439362429031537,0.19994589105769633,0.9462293557913157
AraBERTv2,Consistency,20,43,0.6026605053046046,0.6006155672096679,0.5262495898501586,0.5247585317758352,0.07585703543383271,0.19987380513127204,0.9459422509023296
AraBERTv2,Consistency,20,44,0.6026605053046046,0.6006155672096679,0.5262906048342995,0.5255094736797166,0.07510609352995135,0.19991741266701019,0.9456414743519632
AraBERTv2,Consistency,20,45,0.6026605053046046,0.6006155672096679,0.5276440993109482,0.5262331591612506,0.07438240804841734,0.1999343217114801,0.9459422509023296
AraBERTv2,Consistency,20,46,0.6026605053046046,0.6006155672096679,0.5268648146122716,0.5257167320563295,0.0748988351533384,0.19998237899576296,0.947227387072077
AraBERTv2,Consistency,30,42,0.6026605053046046,0.6006155672096679,0.48832440118123155,0.48826917408527737,0.11234639312439054,0.2999833579404428,0.9777972219184076
AraBERTv2,Consistency,30,43,0.6026605053046046,0.6006155672096679,0.4879826096467243,0.4879197295554752,0.11269583765419272,0.2999984870854948,0.9780843268073937
AraBERTv2,Consistency,30,44,0.6026605053046046,0.6006155672096679,0.4899650005468665,0.48967208851418537,0.11094347869548254,0.30006167351482965,0.9783030733894783
AraBERTv2,Consistency,30,45,0.6026605053046046,0.6006155672096679,0.4879962813081046,0.48808704173289474,0.11252852547677317,0.3001978358202978,0.9777562069342667
AraBERTv2,Consistency,30,46,0.6026605053046046,0.6006155672096679,0.4878048780487805,0.4877102785981564,0.1129052886115115,0.30005455391715813,0.9773734004156185
AraBERTv2,Validity,10,42,0.6026605053046046,0.6006155672096679,0.6026605053046046,0.6006155672096679,0.0,0.10004660775097972,0.7791479820627802
AraBERTv2,Validity,10,43,0.6026605053046046,0.6006155672096679,0.6026605053046046,0.6006155672096679,0.0,0.10021673107529014,0.7809116263808378
AraBERTv2,Validity,10,44,0.6026605053046046,0.6006155672096679,0.6026605053046046,0.6006155672096679,0.0,0.09996506935293745,0.7777808159247511
AraBERTv2,Validity,10,45,0.6026605053046046,0.6006155672096679,0.6026605053046046,0.6006155672096679,0.0,0.09996506935293745,0.7786831455758504
AraBERTv2,Validity,10,46,0.6026605053046046,0.6006155672096679,0.6026605053046046,0.6006155672096679,0.0,0.10004862104475853,0.779462430274527
AraBERTv2,Validity,20,42,0.6026605053046046,0.6006155672096679,0.6026605053046046,0.6006155672096679,0.0,0.20000060398813366,0.9584791643880565
AraBERTv2,Validity,20,43,0.6026605053046046,0.6006155672096679,0.6026605053046046,0.6006155672096679,0.0,0.20000765051635952,0.958274089467352
AraBERTv2,Validity,20,44,0.6026605053046046,0.6006155672096679,0.6026605053046046,0.6006155672096679,0.0,0.2000428831574889,0.9583697910970141
AraBERTv2,Validity,20,45,0.6026605053046046,0.6006155672096679,0.6026605053046046,0.6006155672096679,0.0,0.19993416529343253,0.9583287761128733
AraBERTv2,Validity,20,46,0.6026605053046046,0.6006155672096679,0.6026605053046046,0.6006155672096679,0.0,0.2000167103383642,0.958834627583944
AraBERTv2,Validity,30,42,0.6026605053046046,0.6006155672096679,0.6026605053046046,0.6006155672096679,0.0,0.30019820877252495,0.9906075686317402
AraBERTv2,Validity,30,43,0.6026605053046046,0.6006155672096679,0.6026605053046046,0.6006155672096679,0.0,0.2998740684741347,0.9911270917641912
AraBERTv2,Validity,30,44,0.6026605053046046,0.6006155672096679,0.6026605053046046,0.6006155672096679,0.0,0.29999083951330635,0.9908126435524445
AraBERTv2,Validity,30,45,0.6026605053046046,0.6006155672096679,0.6026605053046046,0.6006155672096679,0.0,0.30002103891998866,0.9909083451821066
AraBERTv2,Validity,30,46,0.6026605053046046,0.6006155672096679,0.6026605053046046,0.6006155672096679,0.0,0.29993144734683114,0.9906895986000219
AraBERTv2,Understandability,10,42,0.6026605053046046,0.6006155672096679,0.5962758394400087,0.5943636969451154,0.006251870264552539,0.10036772810870176,0.5326205840533742
AraBERTv2,Understandability,10,43,0.6026605053046046,0.6006155672096679,0.5974516023187137,0.5951956743045898,0.005419892905078161,0.10003352134141738,0.5308842830580772
AraBERTv2,Understandability,10,44,0.6026605053046046,0.6006155672096679,0.5965492726676146,0.5943527324750352,0.006262834734632738,0.1000456011040903,0.5307612381056546
AraBERTv2,Understandability,10,45,0.6026605053046046,0.6006155672096679,0.596385212731051,0.5940288872880459,0.006586679921621985,0.09954026436560609,0.5274390243902439
AraBERTv2,Understandability,10,46,0.6026605053046046,0.6006155672096679,0.5979027671442634,0.5955143519647328,0.00510121524493512,0.09991876359602456,0.5304194465711474
AraBERTv2,Understandability,20,42,0.6026605053046046,0.6006155672096679,0.5903970250464836,0.5881618576870075,0.01245370952266045,0.19977813502557387,0.7758804549928907
AraBERTv2,Understandability,20,43,0.6026605053046046,0.6006155672096679,0.5904380400306245,0.5881655176226386,0.012450049587029333,0.20030964458318276,0.7785874439461884
AraBERTv2,Understandability,20,44,0.6026605053046046,0.6006155672096679,0.5893989937657224,0.5870713956373665,0.013544171572301367,0.19997443116900895,0.776878486273652
AraBERTv2,Understandability,20,45,0.6026605053046046,0.6006155672096679,0.5912036530679208,0.5888085710622564,0.011806996147411541,0.19984558036716438,0.7762769331729191
AraBERTv2,Understandability,20,46,0.6026605053046046,0.6006155672096679,0.590410696707864,0.587998874333838,0.012616692875829894,0.19984960695472204,0.7765093514163841
AraBERTv2,Understandability,30,42,0.6026605053046046,0.6006155672096679,0.5855572569178606,0.5834827204596685,0.017132846749999375,0.3001267368433768,0.8959039702504649
AraBERTv2,Understandability,30,43,0.6026605053046046,0.6006155672096679,0.5841900907798315,0.5822442989314658,0.018371268278202124,0.30008244438024273,0.8963414634146342
AraBERTv2,Understandability,30,44,0.6026605053046046,0.6006155672096679,0.5842447774253527,0.5821729204986056,0.018442646711062327,0.2997774303727513,0.8959860002187466
AraBERTv2,Understandability,30,45,0.6026605053046046,0.6006155672096679,0.5849557038171278,0.5826603246739076,0.017955242535760307,0.3001166703744827,0.897134419774691
AraBERTv2,Understandability,30,46,0.6026605053046046,0.6006155672096679,0.5860357650661708,0.5835628240081497,0.017052743201518172,0.29996265340040285,0.8964234933829159
CAMeLBERT-Mix,Textual Accuracy,10,42,0.615648583615881,0.6133428783671931,0.5873209012359182,0.5833455136246393,0.029997364742553878,0.10009924788529696,0.726361697473477
CAMeLBERT-Mix,Textual Accuracy,10,43,0.615648583615881,0.6133428783671931,0.585666630208903,0.5817281453975326,0.03161473296966055,0.09993130786787319,0.7257054577272231
CAMeLBERT-Mix,Textual Accuracy,10,44,0.615648583615881,0.6133428783671931,0.5862271683254949,0.5823824164716794,0.030960461895513713,0.09973887659790845,0.7241742316526304
CAMeLBERT-Mix,Textual Accuracy,10,45,0.615648583615881,0.6133428783671931,0.5867603631193262,0.5827963050941432,0.030546573273049993,0.09991847911654221,0.7258285026796456
CAMeLBERT-Mix,Textual Accuracy,10,46,0.615648583615881,0.6133428783671931,0.5877720660614678,0.5840167790960875,0.029326099271105632,0.10009691538505497,0.727537460352182
CAMeLBERT-Mix,Textual Accuracy,20,42,0.615648583615881,0.6133428783671931,0.5570108279558131,0.5515194893206081,0.06182338904658502,0.19995241699506328,0.9278819862189653
CAMeLBERT-Mix,Textual Accuracy,20,43,0.615648583615881,0.6133428783671931,0.5559170950453899,0.5506248298424455,0.0627180485247476,0.19993025824276428,0.9292628240183747
CAMeLBERT-Mix,Textual Accuracy,20,44,0.615648583615881,0.6133428783671931,0.5553702285901783,0.5500685981105174,0.0632742802566757,0.19982646198199544,0.9285792409493602
CAMeLBERT-Mix,Textual Accuracy,20,45,0.615648583615881,0.6133428783671931,0.557708082686208,0.5525563236645648,0.06078655470262839,0.20011335951176104,0.9270616865361478
CAMeLBERT-Mix,Textual Accuracy,20,46,0.615648583615881,0.6133428783671931,0.5575303510882642,0.5517411105992286,0.061601767767964555,0.1998614494856254,0.9270890298589085
CAMeLBERT-Mix,Textual Accuracy,30,42,0.615648583615881,0.6133428783671931,0.524390243902439,0.5178886620106701,0.09545421635652307,0.2998569011101535,0.9785901782784644
CAMeLBERT-Mix,Textual Accuracy,30,43,0.615648583615881,0.6133428783671931,0.5215465383353385,0.5152344879212153,0.09810839044597786,0.29996652862152734,0.9788499398446899
CAMeLBERT-Mix,Textual Accuracy,30,44,0.615648583615881,0.6133428783671931,0.5243765722410587,0.5182921472684108,0.09505073109878237,0.3000015161251573,0.9782210434211965
CAMeLBERT-Mix,Textual Accuracy,30,45,0.615648583615881,0.6133428783671931,0.521478180028437,0.5154539357150664,0.09788894265212678,0.2998067523549506,0.9787405665536476
CAMeLBERT-Mix,Textual Accuracy,30,46,0.615648583615881,0.6133428783671931,0.5228316745050858,0.5167598815612697,0.09658299680592342,0.2999128811159614,0.9786995515695067
CAMeLBERT-Mix,Completeness,10,42,0.615648583615881,0.6133428783671931,0.5901646068030187,0.5867251068830935,0.026617771484099606,0.09990165059890457,0.779558131904189
CAMeLBERT-Mix,Completeness,10,43,0.615648583615881,0.6133428783671931,0.5902876517554413,0.5870963658090899,0.026246512558103285,0.10005868751365264,0.7797768784862736
CAMeLBERT-Mix,Completeness,10,44,0.615648583615881,0.6133428783671931,0.5904243683692443,0.5870407129965045,0.026302165370688635,0.09984930496065521,0.778382369025484
CAMeLBERT-Mix,Completeness,10,45,0.615648583615881,0.6133428783671931,0.589426337088483,0.5862693669252995,0.027073511441893627,0.09998721558450448,0.7794350869517663
CAMeLBERT-Mix,Completeness,10,46,0.615648583615881,0.6133428783671931,0.5892622771519195,0.5857885674007935,0.027554310966399598,0.10005264763231618,0.7794214152903861
CAMeLBERT-Mix,Completeness,20,42,0.615648583615881,0.6133428783671931,0.5606338182215903,0.5564528792693783,0.05688999909781489,0.19999053751923954,0.9588072842611834
CAMeLBERT-Mix,Completeness,20,43,0.615648583615881,0.6133428783671931,0.5615771628568303,0.5577082484639466,0.055634629903246524,0.1999784577565666,0.9585201793721974
CAMeLBERT-Mix,Completeness,20,44,0.615648583615881,0.6133428783671931,0.5600185934594772,0.5561708984114448,0.0571719799557483,0.2000046305756913,0.957891282948704
CAMeLBERT-Mix,Completeness,20,45,0.615648583615881,0.6133428783671931,0.5592393087608006,0.5552263760080255,0.058116502359167654,0.1999140323556443,0.9573444164934923
CAMeLBERT-Mix,Completeness,20,46,0.615648583615881,0.6133428783671931,0.5596768019249699,0.5557615409499045,0.05758133741728866,0.20015361431532408,0.9583151044514929
CAMeLBERT-Mix,Completeness,30,42,0.615648583615881,0.6133428783671931,0.5236929891720442,0.518796877319665,0.0945460010475282,0.29994151381572526,0.9904435086951766
CAMeLBERT-Mix,Completeness,30,43,0.615648583615881,0.6133428783671931,0.523638302526523,0.5185524471849663,0.09479043118222685,0.2999847996319699,0.9903341354041343
CAMeLBERT-Mix,Completeness,30,44,0.615648583615881,0.6133428783671931,0.5243082139341573,0.5194539506763804,0.0938889276908127,0.2999928528070852,0.989896642239965
CAMeLBERT-Mix,Completeness,30,45,0.615648583615881,0.6133428783671931,0.5249234386962703,0.5198158208232964,0.09352705754389679,0.29985594883012534,0.9904024937110357
CAMeLBERT-Mix,Completeness,30,46,0.615648583615881,0.6133428783671931,0.5248277370666083,0.519495885798848,0.09384699256834517,0.29988614823680765,0.9900470305151482
CAMeLBERT-Mix,Consistency,10,42,0.615648583615881,0.6133428783671931,0.5733211199825002,0.5700287836305763,0.04331409473661685,0.1000659452734326,0.7978234715082577
CAMeLBERT-Mix,Consistency,10,43,0.615648583615881,0.6133428783671931,0.5769851252324183,0.5739521557834839,0.03939072258370924,0.10006416537401472,0.7980832330744833
CAMeLBERT-Mix,Consistency,10,44,0.615648583615881,0.6133428783671931,0.5756179590943892,0.5725298348249863,0.04081304354220683,0.10009798346295451,0.7985070545772722
CAMeLBERT-Mix,Consistency,10,45,0.615648583615881,0.6133428783671931,0.5758913923219949,0.5728633326609276,0.04047954570626555,0.10014604074723737,0.798589084545554
CAMeLBERT-Mix,Consistency,10,46,0.615648583615881,0.6133428783671931,0.5755359291261074,0.5724285771905817,0.040914301176611434,0.09988528548251738,0.7981789347041452
CAMeLBERT-Mix,Consistency,20,42,0.615648583615881,0.6133428783671931,0.5377337854096029,0.5342107682832143,0.0791321100839788,0.19994589105769633,0.9462293557913157
CAMeLBERT-Mix,Consistency,20,43,0.615648583615881,0.6133428783671931,0.5372826205840534,0.533585675774933,0.07975720259226016,0.19987380513127204,0.9459422509023296
CAMeLBERT-Mix,Consistency,20,44,0.615648583615881,0.6133428783671931,0.537501367166138,0.5342372013748448,0.07910567699234838,0.19991741266701019,0.9456414743519632
CAMeLBERT-Mix,Consistency,20,45,0.615648583615881,0.6133428783671931,0.5376244121185606,0.5340822529587255,0.07926062540846768,0.1999343217114801,0.9459422509023296
CAMeLBERT-Mix,Consistency,20,46,0.615648583615881,0.6133428783671931,0.5376107404571804,0.5345925178064874,0.07875036056070572,0.19998237899576296,0.947227387072077
CAMeLBERT-Mix,Consistency,30,42,0.615648583615881,0.6133428783671931,0.4983320573116045,0.4951164483974341,0.11822642996975907,0.2999833579404428,0.9777972219184076
CAMeLBERT-Mix,Consistency,30,43,0.615648583615881,0.6133428783671931,0.5024062124029312,0.49958127280831854,0.1137616055588746,0.2999984870854948,0.9780843268073937
CAMeLBERT-Mix,Consistency,30,44,0.615648583615881,0.6133428783671931,0.5017226293339166,0.49865418322735766,0.11468869513983548,0.30006167351482965,0.9783030733894783
CAMeLBERT-Mix,Consistency,30,45,0.615648583615881,0.6133428783671931,0.5019823909001422,0.4990086283552787,0.11433425001191444,0.3001978358202978,0.9777562069342667
CAMeLBERT-Mix,Consistency,30,46,0.615648583615881,0.6133428783671931,0.4996855517882533,0.49663824681953683,0.11670463154765631,0.30005455391715813,0.9773734004156185
CAMeLBERT-Mix,Validity,10,42,0.615648583615881,0.6133428783671931,0.5432981515913814,0.5570893103103532,0.0562535680568399,0.10004660775097972,0.7791479820627802
CAMeLBERT-Mix,Validity,10,43,0.615648583615881,0.6133428783671931,0.5438723613693536,0.5579760010131348,0.05536687735405832,0.10021673107529014,0.7809116263808378
CAMeLBERT-Mix,Validity,10,44,0.615648583615881,0.6133428783671931,0.5449660942797768,0.5587853428551897,0.054557535512003486,0.09996506935293745,0.7777808159247511
CAMeLBERT-Mix,Validity,10,45,0.615648583615881,0.6133428783671931,0.5437219730941704,0.5581475139907631,0.05519536437643002,0.09996506935293745,0.7786831455758504
CAMeLBERT-Mix,Validity,10,46,0.615648583615881,0.6133428783671931,0.5449660942797768,0.5590313543559339,0.05431152401125927,0.10004862104475853,0.779462430274527
CAMeLBERT-Mix,Validity,20,42,0.615648583615881,0.6133428783671931,0.500423821502789,0.5207333963112978,0.09260948205589536,0.20000060398813366,0.9584791643880565
CAMeLBERT-Mix,Validity,20,43,0.615648583615881,0.6133428783671931,0.4992890736082249,0.5194412930668721,0.093901585300321,0.20000765051635952,0.958274089467352
CAMeLBERT-Mix,Validity,20,44,0.615648583615881,0.6133428783671931,0.49938477523788694,0.5194337432792802,0.09390913508791299,0.2000428831574889,0.9583697910970141
CAMeLBERT-Mix,Validity,20,45,0.615648583615881,0.6133428783671931,0.49911134201028107,0.5192322282937571,0.094110650073436,0.19993416529343253,0.9583287761128733
CAMeLBERT-Mix,Validity,20,46,0.615648583615881,0.6133428783671931,0.5004101498414087,0.5212394840276859,0.0921033943395072,0.2000167103383642,0.958834627583944
CAMeLBERT-Mix,Validity,30,42,0.615648583615881,0.6133428783671931,0.4653423384009625,0.48572952363166155,0.1276133547355316,0.30019820877252495,0.9906075686317402
CAMeLBERT-Mix,Validity,30,43,0.615648583615881,0.6133428783671931,0.46754347588318934,0.488836817596044,0.12450606077114912,0.2998740684741347,0.9911270917641912
CAMeLBERT-Mix,Validity,30,44,0.615648583615881,0.6133428783671931,0.46572514491961065,0.4865310316885736,0.12681184667861956,0.29999083951330635,0.9908126435524445
CAMeLBERT-Mix,Validity,30,45,0.615648583615881,0.6133428783671931,0.4666958328776113,0.48754149851279105,0.1258013798544021,0.30002103891998866,0.9909083451821066
CAMeLBERT-Mix,Validity,30,46,0.615648583615881,0.6133428783671931,0.46675051952313246,0.4876229365191638,0.12571994184802937,0.29993144734683114,0.9906895986000219
CAMeLBERT-Mix,Understandability,10,42,0.615648583615881,0.6133428783671931,0.6082658864705239,0.6051958880053089,0.008146990361884265,0.10036772810870176,0.5326205840533742
CAMeLBERT-Mix,Understandability,10,43,0.615648583615881,0.6133428783671931,0.6098791425133983,0.6069758775649712,0.006367000802221967,0.10003352134141738,0.5308842830580772
CAMeLBERT-Mix,Understandability,10,44,0.615648583615881,0.6133428783671931,0.6091408727988625,0.6059434480927729,0.007399430274420249,0.1000456011040903,0.5307612381056546
CAMeLBERT-Mix,Understandability,10,45,0.615648583615881,0.6133428783671931,0.6103029640161872,0.6071367936266733,0.006206084740519868,0.09954026436560609,0.5274390243902439
CAMeLBERT-Mix,Understandability,10,46,0.615648583615881,0.6133428783671931,0.6088264245871158,0.6060176658966148,0.007325212470578379,0.09991876359602456,0.5304194465711474
CAMeLBERT-Mix,Understandability,20,42,0.615648583615881,0.6133428783671931,0.6022366838018156,0.598321056952124,0.015021821415069136,0.19977813502557387,0.7758804549928907
CAMeLBERT-Mix,Understandability,20,43,0.615648583615881,0.6133428783671931,0.603289401728098,0.5997061478972759,0.013636730469917202,0.20030964458318276,0.7785874439461884
CAMeLBERT-Mix,Understandability,20,44,0.615648583615881,0.6133428783671931,0.6020316088811112,0.5980380601483106,0.015304818218882521,0.19997443116900895,0.776878486273652
CAMeLBERT-Mix,Understandability,20,45,0.615648583615881,0.6133428783671931,0.602865580225309,0.5990473740868333,0.014295504280359861,0.19984558036716438,0.7762769331729191
CAMeLBERT-Mix,Understandability,20,46,0.615648583615881,0.6133428783671931,0.602400743738379,0.598666492016501,0.014676386350692128,0.19984960695472204,0.7765093514163841
CAMeLBERT-Mix,Understandability,30,42,0.615648583615881,0.6133428783671931,0.5949086733019796,0.5905627331271969,0.022780145239996274,0.3001267368433768,0.8959039702504649
CAMeLBERT-Mix,Understandability,30,43,0.615648583615881,0.6133428783671931,0.5975883189325166,0.5931191605757697,0.0202237177914234,0.30008244438024273,0.8963414634146342
CAMeLBERT-Mix,Understandability,30,44,0.615648583615881,0.6133428783671931,0.5962074811331073,0.5917796387607437,0.021563239606449458,0.2997774303727513,0.8959860002187466
CAMeLBERT-Mix,Understandability,30,45,0.615648583615881,0.6133428783671931,0.596521929344854,0.5922287838395384,0.02111409452765478,0.3001166703744827,0.897134419774691
CAMeLBERT-Mix,Understandability,30,46,0.615648583615881,0.6133428783671931,0.59727387072077,0.5928466278307859,0.020496250536407246,0.29996265340040285,0.8964234933829159
