Model,Dimension,Severity,Severity_Percent,Perturbation_Seed,Clean_Accuracy,Clean_Macro_F1,Clean_Weighted_F1,Perturbed_Accuracy,Perturbed_Macro_F1,Perturbed_Weighted_F1,Delta_F1,Realized_Rate,Changed_Instance_Rate
AraBERTv2,Textual Accuracy,0.1,10,42,0.779519595448799,0.6696299290767926,0.7768087162901232,0.7757269279393173,0.6717283660270842,0.7723711882773491,-0.002098436950291549,0.10021234017201082,0.9089759797724399
AraBERTv2,Textual Accuracy,0.1,10,43,0.779519595448799,0.6696299290767926,0.7768087162901232,0.7731984829329962,0.665156316178093,0.770098261336075,0.00447361289869963,0.09905134354806679,0.9061946902654867
AraBERTv2,Textual Accuracy,0.1,10,44,0.779519595448799,0.6696299290767926,0.7768087162901232,0.7739570164348926,0.6582914242809988,0.7700860643493006,0.011338504795793791,0.09976932830234796,0.9112515802781289
AraBERTv2,Textual Accuracy,0.1,10,45,0.779519595448799,0.6696299290767926,0.7768087162901232,0.7754740834386852,0.669173321073292,0.7722083014030465,0.0004566080035006692,0.09978460457371564,0.9084702907711757
AraBERTv2,Textual Accuracy,0.1,10,46,0.779519595448799,0.6696299290767926,0.7768087162901232,0.768141592920354,0.6522024890515863,0.7650239363600382,0.017427440025206353,0.09987626220192175,0.9140328697850821
AraBERTv2,Textual Accuracy,0.2,20,42,0.779519595448799,0.6696299290767926,0.7768087162901232,0.7628318584070797,0.649555525496096,0.7577658817324266,0.020074403580696676,0.20068437695727226,0.9838179519595449
AraBERTv2,Textual Accuracy,0.2,20,43,0.779519595448799,0.6696299290767926,0.7768087162901232,0.7603034134007586,0.6396378692148084,0.7547427231910524,0.029992059861984277,0.19952338033332825,0.9845764854614412
AraBERTv2,Textual Accuracy,0.2,20,44,0.779519595448799,0.6696299290767926,0.7768087162901232,0.7661188369152971,0.6530639293196322,0.7609619262960136,0.016565999757160443,0.20008860237393258,0.9865992414664981
AraBERTv2,Textual Accuracy,0.2,20,45,0.779519595448799,0.6696299290767926,0.7768087162901232,0.7686472819216182,0.6528101600017384,0.76253220411171,0.016819769075054225,0.19921785490597455,0.9830594184576485
AraBERTv2,Textual Accuracy,0.2,20,46,0.779519595448799,0.6696299290767926,0.7768087162901232,0.7623261694058154,0.6498524494949907,0.7578643637790722,0.019777479581801982,0.19940117016238676,0.9853350189633375
AraBERTv2,Textual Accuracy,0.3,30,42,0.779519595448799,0.6696299290767926,0.7768087162901232,0.7471554993678887,0.6300182126119934,0.7416620601401182,0.03961171646479922,0.3006675730587678,0.9941845764854614
AraBERTv2,Textual Accuracy,0.3,30,43,0.779519595448799,0.6696299290767926,0.7768087162901232,0.7443742098609355,0.6238713121933916,0.7367583168728308,0.04575861688340099,0.3001787323750019,0.9929203539823008
AraBERTv2,Textual Accuracy,0.3,30,44,0.779519595448799,0.6696299290767926,0.7768087162901232,0.7418457648546144,0.6271962288899743,0.7359437634756691,0.04243370018681836,0.3003162188173111,0.9957016434892542
AraBERTv2,Textual Accuracy,0.3,30,45,0.779519595448799,0.6696299290767926,0.7768087162901232,0.7466498103666245,0.6277198246134839,0.7403171300496023,0.041910104463308784,0.30074395441560625,0.995448798988622
AraBERTv2,Textual Accuracy,0.3,30,46,0.779519595448799,0.6696299290767926,0.7768087162901232,0.7499367888748419,0.6306900893475302,0.7433698258306871,0.038939839729262404,0.300560639159194,0.9951959544879899
AraBERTv2,Completeness,0.1,10,42,0.779519595448799,0.6696299290767926,0.7768087162901232,0.7729456384323641,0.6617733951293386,0.76841232929114,0.007856533947454003,0.1001251415291103,0.9580278128950696
AraBERTv2,Completeness,0.1,10,43,0.779519595448799,0.6696299290767926,0.7768087162901232,0.7719342604298357,0.6678868305037506,0.7689738405832386,0.0017430985730420012,0.09995828615696323,0.956763590391909
AraBERTv2,Completeness,0.1,10,44,0.779519595448799,0.6696299290767926,0.7768087162901232,0.7721871049304677,0.6563603876251427,0.7681842038566353,0.013269541451649935,0.09989869495262499,0.9534766118836915
AraBERTv2,Completeness,0.1,10,45,0.779519595448799,0.6696299290767926,0.7768087162901232,0.7800252844500632,0.6753118533523441,0.7765208577812425,-0.005681924275551475,0.10008938680650736,0.9585335018963338
AraBERTv2,Completeness,0.1,10,46,0.779519595448799,0.6696299290767926,0.7768087162901232,0.77724399494311,0.671495632071391,0.7741028416660344,-0.0018657029945983172,0.10000595912043382,0.9580278128950696
AraBERTv2,Completeness,0.2,20,42,0.779519595448799,0.6696299290767926,0.7768087162901232,0.7620733249051833,0.6505984197508033,0.7583606626065291,0.019031509325989293,0.20010726416780883,0.9934260429835651
AraBERTv2,Completeness,0.2,20,43,0.779519595448799,0.6696299290767926,0.7768087162901232,0.7608091024020227,0.6487319742049318,0.755927952642279,0.020897954871860858,0.20015493713127944,0.9946902654867257
AraBERTv2,Completeness,0.2,20,44,0.779519595448799,0.6696299290767926,0.7768087162901232,0.7597977243994943,0.6432700917680567,0.7543056562785453,0.026359837308735923,0.19990465407305882,0.9934260429835651
AraBERTv2,Completeness,0.2,20,45,0.779519595448799,0.6696299290767926,0.7768087162901232,0.7620733249051833,0.6502580336964792,0.7582245874491828,0.019371895380313475,0.19946367916095584,0.9939317319848293
AraBERTv2,Completeness,0.2,20,46,0.779519595448799,0.6696299290767926,0.7768087162901232,0.7620733249051833,0.6423065037230544,0.7566297624540157,0.027323425353738218,0.2,0.995448798988622
AraBERTv2,Completeness,0.3,30,42,0.779519595448799,0.6696299290767926,0.7768087162901232,0.7509481668773704,0.6347844733427532,0.7449485325631728,0.03484545573403941,0.30025624217865443,0.9989886219974715
AraBERTv2,Completeness,0.3,30,43,0.779519595448799,0.6696299290767926,0.7768087162901232,0.7405815423514539,0.6204180969639714,0.7349502572565776,0.04921183211282121,0.2997914307848162,0.9989886219974715
AraBERTv2,Completeness,0.3,30,44,0.779519595448799,0.6696299290767926,0.7768087162901232,0.7400758533501897,0.6288437471028354,0.7355616360775675,0.040786181973957225,0.2996484118944044,0.9982300884955753
AraBERTv2,Completeness,0.3,30,45,0.779519595448799,0.6696299290767926,0.7768087162901232,0.7479140328697851,0.6339334164577732,0.7427220752729543,0.035696512619019405,0.2994338835587867,0.997724399494311
AraBERTv2,Completeness,0.3,30,46,0.779519595448799,0.6696299290767926,0.7768087162901232,0.7471554993678887,0.6383089973262881,0.7428448977144257,0.031320931750504544,0.30016089625171327,0.9992414664981036
AraBERTv2,Consistency,0.1,10,42,0.779519595448799,0.6696299290767926,0.7768087162901232,0.772692793931732,0.6621309992397659,0.7700945089984086,0.007498929837026713,0.10015037901650077,0.9618204804045511
AraBERTv2,Consistency,0.1,10,43,0.779519595448799,0.6696299290767926,0.7768087162901232,0.7752212389380531,0.6683807167587491,0.7726384234885538,0.0012492123180435355,0.09989463238979877,0.9610619469026549
AraBERTv2,Consistency,0.1,10,44,0.779519595448799,0.6696299290767926,0.7768087162901232,0.77724399494311,0.6690130009933122,0.7752142666282903,0.0006169280834804614,0.09981279346925415,0.9590391908975979
AraBERTv2,Consistency,0.1,10,45,0.779519595448799,0.6696299290767926,0.7768087162901232,0.7729456384323641,0.6629537838814047,0.7705971400587969,0.00667614519538795,0.09996624144527534,0.9580278128950696
AraBERTv2,Consistency,0.1,10,46,0.779519595448799,0.6696299290767926,0.7768087162901232,0.7747155499367889,0.6722568212813621,0.772950408457141,-0.0026268922045694643,0.10027313739731773,0.9638432364096081
AraBERTv2,Consistency,0.2,20,42,0.779519595448799,0.6696299290767926,0.7768087162901232,0.7656131479140329,0.6552115275633159,0.7626922832236234,0.01441840151347673,0.20025983857272922,0.9906447534766119
AraBERTv2,Consistency,0.2,20,43,0.779519595448799,0.6696299290767926,0.7768087162901232,0.7701643489254109,0.6680571556605128,0.7684575345384911,0.0015727734162798157,0.20023937884259307,0.9878634639696586
AraBERTv2,Consistency,0.2,20,44,0.779519595448799,0.6696299290767926,0.7768087162901232,0.7676359039190898,0.6653602245761348,0.7661126056817564,0.004269704500657889,0.19963581680357637,0.9911504424778761
AraBERTv2,Consistency,0.2,20,45,0.779519595448799,0.6696299290767926,0.7768087162901232,0.7663716814159292,0.6635103328561524,0.7638628129293755,0.006119596220640289,0.20020868924738883,0.990897597977244
AraBERTv2,Consistency,0.2,20,46,0.779519595448799,0.6696299290767926,0.7768087162901232,0.7699115044247787,0.6617034548159715,0.7683479512674974,0.00792647426082116,0.20019845938232075,0.9888748419721871
AraBERTv2,Consistency,0.3,30,42,0.779519595448799,0.6696299290767926,0.7768087162901232,0.7522123893805309,0.646563874946992,0.750939050066322,0.023066054129800673,0.3001953904228003,0.9939317319848293
AraBERTv2,Consistency,0.3,30,43,0.779519595448799,0.6696299290767926,0.7768087162901232,0.7552465233881163,0.6550053810675585,0.754164141412947,0.014624548009234184,0.2999703333913026,0.9949431099873578
AraBERTv2,Consistency,0.3,30,44,0.779519595448799,0.6696299290767926,0.7768087162901232,0.7577749683944375,0.657092557807352,0.7565835770377239,0.012537371269440656,0.2997043568995325,0.9951959544879899
AraBERTv2,Consistency,0.3,30,45,0.779519595448799,0.6696299290767926,0.7768087162901232,0.7562579013906447,0.6587270474539001,0.7557565321613444,0.010902881622892546,0.3000521723118472,0.9936788874841972
AraBERTv2,Consistency,0.3,30,46,0.779519595448799,0.6696299290767926,0.7768087162901232,0.7603034134007586,0.6566909917557191,0.7592989845377371,0.01293893732107354,0.29983734514541754,0.9946902654867257
AraBERTv2,Validity,0.1,10,42,0.779519595448799,0.6696299290767926,0.7768087162901232,0.7754740834386852,0.6644585039464405,0.769865931347726,0.005171425130352181,0.10032775162386032,0.9580278128950696
AraBERTv2,Validity,0.1,10,43,0.779519595448799,0.6696299290767926,0.7768087162901232,0.7724399494310998,0.6526706860453215,0.7659431035109042,0.016959243031471116,0.09997020439783089,0.9572692793931732
AraBERTv2,Validity,0.1,10,44,0.779519595448799,0.6696299290767926,0.7768087162901232,0.7774968394437421,0.6695493731117591,0.7722576663287635,8.055596503353524e-05,0.10005363208390441,0.9585335018963338
AraBERTv2,Validity,0.1,10,45,0.779519595448799,0.6696299290767926,0.7768087162901232,0.7749683944374209,0.6658249157733929,0.7694508773982396,0.0038050133033997735,0.09993444967522794,0.9549936788874842
AraBERTv2,Validity,0.1,10,46,0.779519595448799,0.6696299290767926,0.7768087162901232,0.7749683944374209,0.6625491839883658,0.7692487075428945,0.007080745088426821,0.10000595912043382,0.9565107458912768
AraBERTv2,Validity,0.2,20,42,0.779519595448799,0.6696299290767926,0.7768087162901232,0.7706700379266751,0.6571382391722383,0.7629710233232523,0.012491689904554293,0.19951135212442644,0.9951959544879899
AraBERTv2,Validity,0.2,20,43,0.779519595448799,0.6696299290767926,0.7768087162901232,0.7683944374209861,0.6523807835951964,0.7611533832054301,0.017249145481596284,0.2002502830582206,0.9936788874841972
AraBERTv2,Validity,0.2,20,44,0.779519595448799,0.6696299290767926,0.7768087162901232,0.7721871049304677,0.6593824601417103,0.7653681022143358,0.010247468935082327,0.2002979560216912,0.9946902654867257
AraBERTv2,Validity,0.2,20,45,0.779519595448799,0.6696299290767926,0.7768087162901232,0.765865992414665,0.6543282111461535,0.758914148595179,0.01530171793063917,0.1999523270365294,0.9941845764854614
AraBERTv2,Validity,0.2,20,46,0.779519595448799,0.6696299290767926,0.7768087162901232,0.770417193426043,0.6573715287967548,0.7629167789566124,0.012258400280037884,0.19986889935045588,0.9939317319848293
AraBERTv2,Validity,0.3,30,42,0.779519595448799,0.6696299290767926,0.7768087162901232,0.7565107458912769,0.6392762266656946,0.7475703840866984,0.030353702411098027,0.30006555032477206,0.9987357774968394
AraBERTv2,Validity,0.3,30,43,0.779519595448799,0.6696299290767926,0.7768087162901232,0.7600505689001265,0.6450385993637379,0.7511969922910523,0.024591329713054777,0.2997556760622132,0.9989886219974715
AraBERTv2,Validity,0.3,30,44,0.779519595448799,0.6696299290767926,0.7768087162901232,0.7537294563843236,0.6335754748703728,0.7441698258550616,0.03605445420641984,0.2996007389309338,0.9989886219974715
AraBERTv2,Validity,0.3,30,45,0.779519595448799,0.6696299290767926,0.7768087162901232,0.7580278128950695,0.6381632572929223,0.7491719886678754,0.031466671783870304,0.2998510219891544,0.9989886219974715
AraBERTv2,Validity,0.3,30,46,0.779519595448799,0.6696299290767926,0.7768087162901232,0.7575221238938054,0.6379930371005247,0.748045473463647,0.031636891976267956,0.30020856921518385,0.9987357774968394
AraBERTv2,Understandability,0.1,10,42,0.779519595448799,0.6696299290767926,0.7768087162901232,0.7802781289506954,0.6760513776495023,0.7769573093977639,-0.006421448572709654,0.09118646087837436,0.7752212389380531
AraBERTv2,Understandability,0.1,10,43,0.779519595448799,0.6696299290767926,0.7768087162901232,0.7769911504424779,0.6693191612582942,0.7739626686569101,0.0003107678184984808,0.09091234133841845,0.7767383059418458
AraBERTv2,Understandability,0.1,10,44,0.779519595448799,0.6696299290767926,0.7768087162901232,0.7797724399494311,0.6725907643865366,0.7756697231297737,-0.0029608353097440032,0.0917942911626244,0.7876106194690266
AraBERTv2,Understandability,0.1,10,45,0.779519595448799,0.6696299290767926,0.7768087162901232,0.7739570164348926,0.663086971897654,0.7709495921786402,0.006542957179138664,0.0917942911626244,0.7878634639696587
AraBERTv2,Understandability,0.1,10,46,0.779519595448799,0.6696299290767926,0.7768087162901232,0.781795195954488,0.6761501782206661,0.7797502888157419,-0.006520249143873502,0.09213992014778619,0.7898862199747155
AraBERTv2,Understandability,0.2,20,42,0.779519595448799,0.6696299290767926,0.7768087162901232,0.7689001264222504,0.6590218373916561,0.7657262102399796,0.010608091685136545,0.17071688218818903,0.9560050568900127
AraBERTv2,Understandability,0.2,20,43,0.779519595448799,0.6696299290767926,0.7768087162901232,0.7737041719342604,0.6635262645852411,0.7709425002876636,0.00610366449155153,0.17002562421786543,0.9539823008849557
AraBERTv2,Understandability,0.2,20,44,0.779519595448799,0.6696299290767926,0.7768087162901232,0.7729456384323641,0.6622272051784165,0.7705297110809082,0.007402723898376151,0.17035933496215958,0.9554993678887485
AraBERTv2,Understandability,0.2,20,45,0.779519595448799,0.6696299290767926,0.7768087162901232,0.7729456384323641,0.6668085712394698,0.7701126328234145,0.0028213578373228465,0.17132471247243908,0.9600505689001264
AraBERTv2,Understandability,0.2,20,46,0.779519595448799,0.6696299290767926,0.7768087162901232,0.7711757269279393,0.6566376791755351,0.7670395276067885,0.01299224990125758,0.1710625111733508,0.9575221238938053
AraBERTv2,Understandability,0.3,30,42,0.779519595448799,0.6696299290767926,0.7768087162901232,0.7686472819216182,0.6547208300083134,0.7657426130685472,0.014909099068479259,0.2603897264763721,0.9848293299620733
AraBERTv2,Understandability,0.3,30,43,0.779519595448799,0.6696299290767926,0.7768087162901232,0.7694058154235145,0.658500130592987,0.7658546221789839,0.011129798483805686,0.2591502294261367,0.9825537294563843
AraBERTv2,Understandability,0.3,30,44,0.779519595448799,0.6696299290767926,0.7768087162901232,0.7615676359039191,0.6381313979756712,0.7572240802740132,0.03149853110112144,0.2603420535129015,0.9838179519595449
AraBERTv2,Understandability,0.3,30,45,0.779519595448799,0.6696299290767926,0.7768087162901232,0.7694058154235145,0.6482777675930868,0.7644188444083452,0.02135216148370589,0.2597223049877838,0.9855878634639696
AraBERTv2,Understandability,0.3,30,46,0.779519595448799,0.6696299290767926,0.7768087162901232,0.7620733249051833,0.6443690004336146,0.7588190204423679,0.025260928643178082,0.25998450628687203,0.9873577749683944
CAMeLBERT-Mix,Textual Accuracy,0.1,10,42,0.7577749683944375,0.6486347976153796,0.7577637460165834,0.761314791403287,0.6466627874435154,0.7595444939878199,0.0019720101718642136,0.10021234017201082,0.9089759797724399
CAMeLBERT-Mix,Textual Accuracy,0.1,10,43,0.7577749683944375,0.6486347976153796,0.7577637460165834,0.7494310998735777,0.6379525587358947,0.7484434354409993,0.010682238879484829,0.09905134354806679,0.9061946902654867
CAMeLBERT-Mix,Textual Accuracy,0.1,10,44,0.7577749683944375,0.6486347976153796,0.7577637460165834,0.7506953223767383,0.6367481137072099,0.7480752070532426,0.011886683908169715,0.09976932830234796,0.9112515802781289
CAMeLBERT-Mix,Textual Accuracy,0.1,10,45,0.7577749683944375,0.6486347976153796,0.7577637460165834,0.7519595448798989,0.6409077227128335,0.7494345313696859,0.007727074902546094,0.09978460457371564,0.9084702907711757
CAMeLBERT-Mix,Textual Accuracy,0.1,10,46,0.7577749683944375,0.6486347976153796,0.7577637460165834,0.7547408343868521,0.6453822002102794,0.7535857692915049,0.0032525974051001993,0.09987626220192175,0.9140328697850821
CAMeLBERT-Mix,Textual Accuracy,0.2,20,42,0.7577749683944375,0.6486347976153796,0.7577637460165834,0.7436156763590392,0.6279572556000189,0.73988804896567,0.02067754201536065,0.20068437695727226,0.9838179519595449
CAMeLBERT-Mix,Textual Accuracy,0.2,20,43,0.7577749683944375,0.6486347976153796,0.7577637460165834,0.7375474083438686,0.6190358610795369,0.7347818042157976,0.029598936535842668,0.19952338033332825,0.9845764854614412
CAMeLBERT-Mix,Textual Accuracy,0.2,20,44,0.7577749683944375,0.6486347976153796,0.7577637460165834,0.7438685208596713,0.6259822822848196,0.7395969904323225,0.022652515330560008,0.20008860237393258,0.9865992414664981
CAMeLBERT-Mix,Textual Accuracy,0.2,20,45,0.7577749683944375,0.6486347976153796,0.7577637460165834,0.7423514538558786,0.618295415867527,0.738304050029166,0.030339381747852556,0.19921785490597455,0.9830594184576485
CAMeLBERT-Mix,Textual Accuracy,0.2,20,46,0.7577749683944375,0.6486347976153796,0.7577637460165834,0.7499367888748419,0.634273845645512,0.7465038077115282,0.01436095196986753,0.19940117016238676,0.9853350189633375
CAMeLBERT-Mix,Textual Accuracy,0.3,30,42,0.7577749683944375,0.6486347976153796,0.7577637460165834,0.722629582806574,0.5990999951822313,0.7169212860083165,0.04953480243314823,0.3006675730587678,0.9941845764854614
CAMeLBERT-Mix,Textual Accuracy,0.3,30,43,0.7577749683944375,0.6486347976153796,0.7577637460165834,0.7208596713021492,0.6026166737643301,0.7163995741771458,0.04601812385104942,0.3001787323750019,0.9929203539823008
CAMeLBERT-Mix,Textual Accuracy,0.3,30,44,0.7577749683944375,0.6486347976153796,0.7577637460165834,0.7175726927939318,0.5982630307362353,0.7131070986044784,0.05037176687914424,0.3003162188173111,0.9957016434892542
CAMeLBERT-Mix,Textual Accuracy,0.3,30,45,0.7577749683944375,0.6486347976153796,0.7577637460165834,0.7236409608091025,0.6013932673938034,0.7195900852647891,0.04724153022157618,0.30074395441560625,0.995448798988622
CAMeLBERT-Mix,Textual Accuracy,0.3,30,46,0.7577749683944375,0.6486347976153796,0.7577637460165834,0.7246523388116308,0.5974934781026902,0.7169379675257577,0.05114131951268941,0.300560639159194,0.9951959544879899
CAMeLBERT-Mix,Completeness,0.1,10,42,0.7577749683944375,0.6486347976153796,0.7577637460165834,0.7514538558786347,0.6393201123441836,0.7489851184655952,0.009314685271195944,0.1001251415291103,0.9580278128950696
CAMeLBERT-Mix,Completeness,0.1,10,43,0.7577749683944375,0.6486347976153796,0.7577637460165834,0.7560050568900126,0.6451887978138283,0.7544407265875861,0.003445999801551247,0.09995828615696323,0.956763590391909
CAMeLBERT-Mix,Completeness,0.1,10,44,0.7577749683944375,0.6486347976153796,0.7577637460165834,0.756763590391909,0.6470204372547433,0.7551079163073431,0.0016143603606362245,0.09989869495262499,0.9534766118836915
CAMeLBERT-Mix,Completeness,0.1,10,45,0.7577749683944375,0.6486347976153796,0.7577637460165834,0.7597977243994943,0.6517801079727039,0.7578800720742775,-0.003145310357324349,0.10008938680650736,0.9585335018963338
CAMeLBERT-Mix,Completeness,0.1,10,46,0.7577749683944375,0.6486347976153796,0.7577637460165834,0.7547408343868521,0.6410434292691229,0.7534867795626545,0.007591368346256622,0.10000595912043382,0.9580278128950696
CAMeLBERT-Mix,Completeness,0.2,20,42,0.7577749683944375,0.6486347976153796,0.7577637460165834,0.7474083438685208,0.6322676779821945,0.7444208455391897,0.016367119633185045,0.20010726416780883,0.9934260429835651
CAMeLBERT-Mix,Completeness,0.2,20,43,0.7577749683944375,0.6486347976153796,0.7577637460165834,0.7484197218710493,0.6315524543013793,0.7450086493856759,0.01708234331400027,0.20015493713127944,0.9946902654867257
CAMeLBERT-Mix,Completeness,0.2,20,44,0.7577749683944375,0.6486347976153796,0.7577637460165834,0.741087231352718,0.6252743488628432,0.7377997024427639,0.0233604487525364,0.19990465407305882,0.9934260429835651
CAMeLBERT-Mix,Completeness,0.2,20,45,0.7577749683944375,0.6486347976153796,0.7577637460165834,0.7517067003792668,0.6356928497146314,0.7477856233053338,0.012941947900748207,0.19946367916095584,0.9939317319848293
CAMeLBERT-Mix,Completeness,0.2,20,46,0.7577749683944375,0.6486347976153796,0.7577637460165834,0.7509481668773704,0.6325114884518912,0.7477568729915225,0.016123309163488364,0.2,0.995448798988622
CAMeLBERT-Mix,Completeness,0.3,30,42,0.7577749683944375,0.6486347976153796,0.7577637460165834,0.7405815423514539,0.6237486214992395,0.7359412950354471,0.02488617611614008,0.30025624217865443,0.9989886219974715
CAMeLBERT-Mix,Completeness,0.3,30,43,0.7577749683944375,0.6486347976153796,0.7577637460165834,0.7403286978508218,0.6163703728427176,0.7338543333808724,0.032264424772662004,0.2997914307848162,0.9989886219974715
CAMeLBERT-Mix,Completeness,0.3,30,44,0.7577749683944375,0.6486347976153796,0.7577637460165834,0.7355246523388116,0.6109898444512492,0.7290901704534869,0.03764495316413041,0.2996484118944044,0.9982300884955753
CAMeLBERT-Mix,Completeness,0.3,30,45,0.7577749683944375,0.6486347976153796,0.7577637460165834,0.7390644753476612,0.6170831248462586,0.7336998401211748,0.031551672769120964,0.2994338835587867,0.997724399494311
CAMeLBERT-Mix,Completeness,0.3,30,46,0.7577749683944375,0.6486347976153796,0.7577637460165834,0.7304677623261694,0.6084663972484291,0.7252084065894705,0.04016840036695046,0.30016089625171327,0.9992414664981036
CAMeLBERT-Mix,Consistency,0.1,10,42,0.7577749683944375,0.6486347976153796,0.7577637460165834,0.7562579013906447,0.6505167595480587,0.7559099255757237,-0.0018819619326790882,0.10015037901650077,0.9618204804045511
CAMeLBERT-Mix,Consistency,0.1,10,43,0.7577749683944375,0.6486347976153796,0.7577637460165834,0.7479140328697851,0.6359260135225729,0.7497381415393826,0.012708784092806624,0.09989463238979877,0.9610619469026549
CAMeLBERT-Mix,Consistency,0.1,10,44,0.7577749683944375,0.6486347976153796,0.7577637460165834,0.7560050568900126,0.6474485654404867,0.7562650987814551,0.0011862321748928872,0.09981279346925415,0.9590391908975979
CAMeLBERT-Mix,Consistency,0.1,10,45,0.7577749683944375,0.6486347976153796,0.7577637460165834,0.7534766118836915,0.6424569722054241,0.7538228932995186,0.006177825409955484,0.09996624144527534,0.9580278128950696
CAMeLBERT-Mix,Consistency,0.1,10,46,0.7577749683944375,0.6486347976153796,0.7577637460165834,0.7537294563843236,0.6475018959582859,0.7544479233076539,0.0011329016570936767,0.10027313739731773,0.9638432364096081
CAMeLBERT-Mix,Consistency,0.2,20,42,0.7577749683944375,0.6486347976153796,0.7577637460165834,0.7469026548672566,0.640078233696395,0.7469825067983422,0.008556563918984517,0.20025983857272922,0.9906447534766119
CAMeLBERT-Mix,Consistency,0.2,20,43,0.7577749683944375,0.6486347976153796,0.7577637460165834,0.7479140328697851,0.63722103569823,0.7484689114836957,0.0114137619171496,0.20023937884259307,0.9878634639696586
CAMeLBERT-Mix,Consistency,0.2,20,44,0.7577749683944375,0.6486347976153796,0.7577637460165834,0.7456384323640961,0.6387750792446335,0.7472830674474458,0.009859718370746062,0.19963581680357637,0.9911504424778761
CAMeLBERT-Mix,Consistency,0.2,20,45,0.7577749683944375,0.6486347976153796,0.7577637460165834,0.7446270543615676,0.6435765517313458,0.7457572032579681,0.005058245884033807,0.20020868924738883,0.990897597977244
CAMeLBERT-Mix,Consistency,0.2,20,46,0.7577749683944375,0.6486347976153796,0.7577637460165834,0.7405815423514539,0.6349166128997938,0.7423826754501954,0.013718184715585724,0.20019845938232075,0.9888748419721871
CAMeLBERT-Mix,Consistency,0.3,30,42,0.7577749683944375,0.6486347976153796,0.7577637460165834,0.7370417193426043,0.6343943495198586,0.7394201202970925,0.014240448095520941,0.3001953904228003,0.9939317319848293
CAMeLBERT-Mix,Consistency,0.3,30,43,0.7577749683944375,0.6486347976153796,0.7577637460165834,0.7360303413400758,0.6297582562739241,0.737610508974821,0.018876541341455444,0.2999703333913026,0.9949431099873578
CAMeLBERT-Mix,Consistency,0.3,30,44,0.7577749683944375,0.6486347976153796,0.7577637460165834,0.7324905183312262,0.6283003756758092,0.7358518190114952,0.020334421939570357,0.2997043568995325,0.9951959544879899
CAMeLBERT-Mix,Consistency,0.3,30,45,0.7577749683944375,0.6486347976153796,0.7577637460165834,0.7254108723135272,0.6147594420931004,0.7272639898522516,0.03387535552227916,0.3000521723118472,0.9936788874841972
CAMeLBERT-Mix,Consistency,0.3,30,46,0.7577749683944375,0.6486347976153796,0.7577637460165834,0.7370417193426043,0.6268849671558161,0.7392895112304291,0.02174983045956347,0.29983734514541754,0.9946902654867257
CAMeLBERT-Mix,Validity,0.1,10,42,0.7577749683944375,0.6486347976153796,0.7577637460165834,0.7494310998735777,0.6448527610789034,0.749401957959572,0.00378203653647613,0.10032775162386032,0.9580278128950696
CAMeLBERT-Mix,Validity,0.1,10,43,0.7577749683944375,0.6486347976153796,0.7577637460165834,0.7484197218710493,0.6457038181316666,0.7495881855729187,0.0029309794837130143,0.09997020439783089,0.9572692793931732
CAMeLBERT-Mix,Validity,0.1,10,44,0.7577749683944375,0.6486347976153796,0.7577637460165834,0.7509481668773704,0.6459454399569922,0.7518098704829984,0.0026893576583874035,0.10005363208390441,0.9585335018963338
CAMeLBERT-Mix,Validity,0.1,10,45,0.7577749683944375,0.6486347976153796,0.7577637460165834,0.7448798988621997,0.6454295906215554,0.7456657713650549,0.0032052069938242056,0.09993444967522794,0.9549936788874842
CAMeLBERT-Mix,Validity,0.1,10,46,0.7577749683944375,0.6486347976153796,0.7577637460165834,0.7496839443742098,0.6486969947094162,0.7497939704211071,-6.219709403665341e-05,0.10000595912043382,0.9565107458912768
CAMeLBERT-Mix,Validity,0.2,20,42,0.7577749683944375,0.6486347976153796,0.7577637460165834,0.7375474083438686,0.6406594429564141,0.7380754347675909,0.007975354658965483,0.19951135212442644,0.9951959544879899
CAMeLBERT-Mix,Validity,0.2,20,43,0.7577749683944375,0.6486347976153796,0.7577637460165834,0.7357774968394437,0.6340351800675528,0.7376152383702981,0.014599617547826793,0.2002502830582206,0.9936788874841972
CAMeLBERT-Mix,Validity,0.2,20,44,0.7577749683944375,0.6486347976153796,0.7577637460165834,0.7352718078381795,0.636286827017395,0.735933428170498,0.012347970597984537,0.2002979560216912,0.9946902654867257
CAMeLBERT-Mix,Validity,0.2,20,45,0.7577749683944375,0.6486347976153796,0.7577637460165834,0.734007585335019,0.63405929177022,0.734310922180499,0.014575505845159542,0.1999523270365294,0.9941845764854614
CAMeLBERT-Mix,Validity,0.2,20,46,0.7577749683944375,0.6486347976153796,0.7577637460165834,0.7332490518331226,0.6302447413001855,0.7339606122178838,0.01839005631519408,0.19986889935045588,0.9939317319848293
CAMeLBERT-Mix,Validity,0.3,30,42,0.7577749683944375,0.6486347976153796,0.7577637460165834,0.7125158027812895,0.6142621174734915,0.7125630790286767,0.0343726801418881,0.30006555032477206,0.9987357774968394
CAMeLBERT-Mix,Validity,0.3,30,43,0.7577749683944375,0.6486347976153796,0.7577637460165834,0.7107458912768647,0.6145793719484716,0.710984530405061,0.034055425666908,0.2997556760622132,0.9989886219974715
CAMeLBERT-Mix,Validity,0.3,30,44,0.7577749683944375,0.6486347976153796,0.7577637460165834,0.7102402022756005,0.6124455723824227,0.7102418196124238,0.03618922523295687,0.2996007389309338,0.9989886219974715
CAMeLBERT-Mix,Validity,0.3,30,45,0.7577749683944375,0.6486347976153796,0.7577637460165834,0.718078381795196,0.6208780546606328,0.7186513956210979,0.027756742954746727,0.2998510219891544,0.9989886219974715
CAMeLBERT-Mix,Validity,0.3,30,46,0.7577749683944375,0.6486347976153796,0.7577637460165834,0.718331226295828,0.621704042123286,0.7178552328611263,0.02693075549209356,0.30020856921518385,0.9987357774968394
CAMeLBERT-Mix,Understandability,0.1,10,42,0.7577749683944375,0.6486347976153796,0.7577637460165834,0.7595448798988622,0.6409792839427794,0.75718315250091,0.0076555136726002004,0.09118646087837436,0.7752212389380531
CAMeLBERT-Mix,Understandability,0.1,10,43,0.7577749683944375,0.6486347976153796,0.7577637460165834,0.7582806573957016,0.6473951840102921,0.7567774354620236,0.0012396136050875084,0.09091234133841845,0.7767383059418458
CAMeLBERT-Mix,Understandability,0.1,10,44,0.7577749683944375,0.6486347976153796,0.7577637460165834,0.7562579013906447,0.6459469458989071,0.7553737936895536,0.002687851716472456,0.0917942911626244,0.7876106194690266
CAMeLBERT-Mix,Understandability,0.1,10,45,0.7577749683944375,0.6486347976153796,0.7577637460165834,0.763843236409608,0.6505482230580092,0.7611703509857299,-0.0019134254426296238,0.0917942911626244,0.7878634639696587
CAMeLBERT-Mix,Understandability,0.1,10,46,0.7577749683944375,0.6486347976153796,0.7577637460165834,0.7539823008849558,0.6430305709176506,0.7529497617708608,0.005604226697728976,0.09213992014778619,0.7898862199747155
CAMeLBERT-Mix,Understandability,0.2,20,42,0.7577749683944375,0.6486347976153796,0.7577637460165834,0.7610619469026548,0.6469660873979912,0.7587963211061002,0.0016687102173883472,0.17071688218818903,0.9560050568900127
CAMeLBERT-Mix,Understandability,0.2,20,43,0.7577749683944375,0.6486347976153796,0.7577637460165834,0.7549936788874841,0.6419586953046941,0.7523396564807042,0.006676102310685494,0.17002562421786543,0.9539823008849557
CAMeLBERT-Mix,Understandability,0.2,20,44,0.7577749683944375,0.6486347976153796,0.7577637460165834,0.7570164348925411,0.6432685127175171,0.7550079014772605,0.0053662848978625055,0.17035933496215958,0.9554993678887485
CAMeLBERT-Mix,Understandability,0.2,20,45,0.7577749683944375,0.6486347976153796,0.7577637460165834,0.7605562579013907,0.6492164976150716,0.7577006372814864,-0.0005816999996920424,0.17132471247243908,0.9600505689001264
CAMeLBERT-Mix,Understandability,0.2,20,46,0.7577749683944375,0.6486347976153796,0.7577637460165834,0.7587863463969658,0.6486424944219187,0.7558268876325103,-7.696806539114753e-06,0.1710625111733508,0.9575221238938053
CAMeLBERT-Mix,Understandability,0.3,30,42,0.7577749683944375,0.6486347976153796,0.7577637460165834,0.765865992414665,0.6608151610617908,0.7638150028460751,-0.012180363446411269,0.2603897264763721,0.9848293299620733
CAMeLBERT-Mix,Understandability,0.3,30,43,0.7577749683944375,0.6486347976153796,0.7577637460165834,0.7592920353982301,0.6423933420476191,0.7554514894039066,0.006241455567760457,0.2591502294261367,0.9825537294563843
CAMeLBERT-Mix,Understandability,0.3,30,44,0.7577749683944375,0.6486347976153796,0.7577637460165834,0.7542351453855879,0.6383594804554904,0.7504895950239738,0.010275317159889163,0.2603420535129015,0.9838179519595449
CAMeLBERT-Mix,Understandability,0.3,30,45,0.7577749683944375,0.6486347976153796,0.7577637460165834,0.7565107458912769,0.6397875976855112,0.7531756636257184,0.008847199929868377,0.2597223049877838,0.9855878634639696
CAMeLBERT-Mix,Understandability,0.3,30,46,0.7577749683944375,0.6486347976153796,0.7577637460165834,0.7603034134007586,0.6438486514279043,0.7568866317729944,0.004786146187475304,0.25998450628687203,0.9873577749683944
XLM-R,Textual Accuracy,0.1,10,42,0.7640960809102402,0.6238874046547942,0.7498597775836777,0.7539823008849558,0.5979583311648436,0.7376058966463912,0.02592907348995055,0.10021234017201082,0.9089759797724399
XLM-R,Textual Accuracy,0.1,10,43,0.7640960809102402,0.6238874046547942,0.7498597775836777,0.7547408343868521,0.6030708956767881,0.738791018770543,0.020816508978006132,0.09905134354806679,0.9061946902654867
XLM-R,Textual Accuracy,0.1,10,44,0.7640960809102402,0.6238874046547942,0.7498597775836777,0.7575221238938054,0.6016539483288139,0.7400502167452769,0.022233456325980283,0.09976932830234796,0.9112515802781289
XLM-R,Textual Accuracy,0.1,10,45,0.7640960809102402,0.6238874046547942,0.7498597775836777,0.7554993678887484,0.6019073615695105,0.7390080686628897,0.021980043085283674,0.09978460457371564,0.9084702907711757
XLM-R,Textual Accuracy,0.1,10,46,0.7640960809102402,0.6238874046547942,0.7498597775836777,0.7549936788874841,0.595649828869285,0.7379016249332389,0.028237575785509228,0.09987626220192175,0.9140328697850821
XLM-R,Textual Accuracy,0.2,20,42,0.7640960809102402,0.6238874046547942,0.7498597775836777,0.747661188369153,0.587169743005592,0.7286992518027472,0.036717661649202205,0.20068437695727226,0.9838179519595449
XLM-R,Textual Accuracy,0.2,20,43,0.7640960809102402,0.6238874046547942,0.7498597775836777,0.7438685208596713,0.5833426230717697,0.7252955257585659,0.04054478158302455,0.19952338033332825,0.9845764854614412
XLM-R,Textual Accuracy,0.2,20,44,0.7640960809102402,0.6238874046547942,0.7498597775836777,0.7512010113780025,0.6011918798394672,0.7347620768177191,0.022695524815326995,0.20008860237393258,0.9865992414664981
XLM-R,Textual Accuracy,0.2,20,45,0.7640960809102402,0.6238874046547942,0.7498597775836777,0.7512010113780025,0.5945042885840497,0.7332200881274262,0.029383116070744508,0.19921785490597455,0.9830594184576485
XLM-R,Textual Accuracy,0.2,20,46,0.7640960809102402,0.6238874046547942,0.7498597775836777,0.7474083438685208,0.5922818003785835,0.7289637008577389,0.03160560427621073,0.19940117016238676,0.9853350189633375
XLM-R,Textual Accuracy,0.3,30,42,0.7640960809102402,0.6238874046547942,0.7498597775836777,0.7420986093552465,0.5842823571041974,0.7226777933386065,0.039605047550596795,0.3006675730587678,0.9941845764854614
XLM-R,Textual Accuracy,0.3,30,43,0.7640960809102402,0.6238874046547942,0.7498597775836777,0.7390644753476612,0.5792546296038978,0.7194790812249422,0.044632775050896356,0.3001787323750019,0.9929203539823008
XLM-R,Textual Accuracy,0.3,30,44,0.7640960809102402,0.6238874046547942,0.7498597775836777,0.727433628318584,0.5761999085983669,0.710085464057302,0.0476874960564273,0.3003162188173111,0.9957016434892542
XLM-R,Textual Accuracy,0.3,30,45,0.7640960809102402,0.6238874046547942,0.7498597775836777,0.738811630847029,0.5877797810698728,0.7202047468774043,0.03610762358492137,0.30074395441560625,0.995448798988622
XLM-R,Textual Accuracy,0.3,30,46,0.7640960809102402,0.6238874046547942,0.7498597775836777,0.7423514538558786,0.5882088002873614,0.7236743161440289,0.035678604367432754,0.300560639159194,0.9951959544879899
XLM-R,Completeness,0.1,10,42,0.7640960809102402,0.6238874046547942,0.7498597775836777,0.7585335018963337,0.6127930908374237,0.7434483868929693,0.011094313817370471,0.1001251415291103,0.9580278128950696
XLM-R,Completeness,0.1,10,43,0.7640960809102402,0.6238874046547942,0.7498597775836777,0.7570164348925411,0.6124956965942729,0.741997948249051,0.011391708060521255,0.09995828615696323,0.956763590391909
XLM-R,Completeness,0.1,10,44,0.7640960809102402,0.6238874046547942,0.7498597775836777,0.7537294563843236,0.6111211678423834,0.7396040890506033,0.012766236812410847,0.09989869495262499,0.9534766118836915
XLM-R,Completeness,0.1,10,45,0.7640960809102402,0.6238874046547942,0.7498597775836777,0.756763590391909,0.6133531030080333,0.7419473266716242,0.010534301646760946,0.10008938680650736,0.9585335018963338
XLM-R,Completeness,0.1,10,46,0.7640960809102402,0.6238874046547942,0.7498597775836777,0.7582806573957016,0.6076587449037452,0.7422863816157342,0.016228659751049035,0.10000595912043382,0.9580278128950696
XLM-R,Completeness,0.2,20,42,0.7640960809102402,0.6238874046547942,0.7498597775836777,0.745385587863464,0.5937645361629346,0.7290567898108001,0.030122868491859633,0.20010726416780883,0.9934260429835651
XLM-R,Completeness,0.2,20,43,0.7640960809102402,0.6238874046547942,0.7498597775836777,0.7469026548672566,0.6028088396221453,0.7314903948711855,0.021078565032648933,0.20015493713127944,0.9946902654867257
XLM-R,Completeness,0.2,20,44,0.7640960809102402,0.6238874046547942,0.7498597775836777,0.7398230088495575,0.5953648284283339,0.7237299050048703,0.02852257622646026,0.19990465407305882,0.9934260429835651
XLM-R,Completeness,0.2,20,45,0.7640960809102402,0.6238874046547942,0.7498597775836777,0.7484197218710493,0.5995050706407169,0.7327034469125635,0.0243823340140773,0.19946367916095584,0.9939317319848293
XLM-R,Completeness,0.2,20,46,0.7640960809102402,0.6238874046547942,0.7498597775836777,0.7324905183312262,0.5757896718262449,0.7152091775579293,0.048097732828549344,0.2,0.995448798988622
XLM-R,Completeness,0.3,30,42,0.7640960809102402,0.6238874046547942,0.7498597775836777,0.7335018963337547,0.5881633357293696,0.7169118186903775,0.03572406892542457,0.30025624217865443,0.9989886219974715
XLM-R,Completeness,0.3,30,43,0.7640960809102402,0.6238874046547942,0.7498597775836777,0.7271807838179519,0.5839232627728935,0.7114920408138024,0.03996414188190067,0.2997914307848162,0.9989886219974715
XLM-R,Completeness,0.3,30,44,0.7640960809102402,0.6238874046547942,0.7498597775836777,0.7201011378002529,0.5666878912365967,0.7026719224881426,0.05719951341819751,0.2996484118944044,0.9982300884955753
XLM-R,Completeness,0.3,30,45,0.7640960809102402,0.6238874046547942,0.7498597775836777,0.729709228824273,0.5726612142789376,0.7117979564229068,0.05122619037585663,0.2994338835587867,0.997724399494311
XLM-R,Completeness,0.3,30,46,0.7640960809102402,0.6238874046547942,0.7498597775836777,0.7329962073324905,0.5847152784482277,0.7159920744708013,0.039172126206566515,0.30016089625171327,0.9992414664981036
XLM-R,Consistency,0.1,10,42,0.7640960809102402,0.6238874046547942,0.7498597775836777,0.7585335018963337,0.6148171728999834,0.7435409111245541,0.009070231754810809,0.10015037901650077,0.9618204804045511
XLM-R,Consistency,0.1,10,43,0.7640960809102402,0.6238874046547942,0.7498597775836777,0.759039190897598,0.6100251102479335,0.7426460377032197,0.013862294406860709,0.09989463238979877,0.9610619469026549
XLM-R,Consistency,0.1,10,44,0.7640960809102402,0.6238874046547942,0.7498597775836777,0.761314791403287,0.6169213764590767,0.7462958664324919,0.006966028195717455,0.09981279346925415,0.9590391908975979
XLM-R,Consistency,0.1,10,45,0.7640960809102402,0.6238874046547942,0.7498597775836777,0.7552465233881163,0.6032676725272368,0.7387680047436878,0.02061973212755741,0.09996624144527534,0.9580278128950696
XLM-R,Consistency,0.1,10,46,0.7640960809102402,0.6238874046547942,0.7498597775836777,0.7605562579013907,0.6188059060452915,0.7461195467499686,0.005081498609502688,0.10027313739731773,0.9638432364096081
XLM-R,Consistency,0.2,20,42,0.7640960809102402,0.6238874046547942,0.7498597775836777,0.7549936788874841,0.6015005053505063,0.738118536220321,0.022386899304287944,0.20025983857272922,0.9906447534766119
XLM-R,Consistency,0.2,20,43,0.7640960809102402,0.6238874046547942,0.7498597775836777,0.7534766118836915,0.6103885858777811,0.738232489905342,0.013498818777013089,0.20023937884259307,0.9878634639696586
XLM-R,Consistency,0.2,20,44,0.7640960809102402,0.6238874046547942,0.7498597775836777,0.7557522123893805,0.6055790220308446,0.7394490973702008,0.018308382623949626,0.19963581680357637,0.9911504424778761
XLM-R,Consistency,0.2,20,45,0.7640960809102402,0.6238874046547942,0.7498597775836777,0.7489254108723136,0.6034988990363584,0.7338140325668167,0.02038850561843575,0.20020868924738883,0.990897597977244
XLM-R,Consistency,0.2,20,46,0.7640960809102402,0.6238874046547942,0.7498597775836777,0.7527180783817952,0.6025431572655011,0.737201846145663,0.02134424738929308,0.20019845938232075,0.9888748419721871
XLM-R,Consistency,0.3,30,42,0.7640960809102402,0.6238874046547942,0.7498597775836777,0.7479140328697851,0.5914635691312656,0.7307696670820659,0.032423835523528566,0.3001953904228003,0.9939317319848293
XLM-R,Consistency,0.3,30,43,0.7640960809102402,0.6238874046547942,0.7498597775836777,0.7484197218710493,0.6067078146534393,0.7328677520877293,0.01717959000135494,0.2999703333913026,0.9949431099873578
XLM-R,Consistency,0.3,30,44,0.7640960809102402,0.6238874046547942,0.7498597775836777,0.7456384323640961,0.5988192219205867,0.7292424071685077,0.025068182734207523,0.2997043568995325,0.9951959544879899
XLM-R,Consistency,0.3,30,45,0.7640960809102402,0.6238874046547942,0.7498597775836777,0.7514538558786347,0.6046342355919211,0.7354468239205812,0.01925316906287311,0.3000521723118472,0.9936788874841972
XLM-R,Consistency,0.3,30,46,0.7640960809102402,0.6238874046547942,0.7498597775836777,0.7479140328697851,0.5921655953651374,0.7304219781534066,0.031721809289656844,0.29983734514541754,0.9946902654867257
XLM-R,Validity,0.1,10,42,0.7640960809102402,0.6238874046547942,0.7498597775836777,0.7605562579013907,0.614120349197371,0.7453471959793884,0.00976705545742318,0.10032775162386032,0.9580278128950696
XLM-R,Validity,0.1,10,43,0.7640960809102402,0.6238874046547942,0.7498597775836777,0.759039190897598,0.611705754761295,0.7435360057456655,0.012181649893499236,0.09997020439783089,0.9572692793931732
XLM-R,Validity,0.1,10,44,0.7640960809102402,0.6238874046547942,0.7498597775836777,0.7585335018963337,0.6068794669226145,0.7422019661620378,0.01700793773217968,0.10005363208390441,0.9585335018963338
XLM-R,Validity,0.1,10,45,0.7640960809102402,0.6238874046547942,0.7498597775836777,0.7592920353982301,0.6090070683787525,0.7435523320209733,0.014880336276041684,0.09993444967522794,0.9549936788874842
XLM-R,Validity,0.1,10,46,0.7640960809102402,0.6238874046547942,0.7498597775836777,0.7577749683944375,0.6078794259545,0.7418586815882132,0.016007978700294245,0.10000595912043382,0.9565107458912768
XLM-R,Validity,0.2,20,42,0.7640960809102402,0.6238874046547942,0.7498597775836777,0.7570164348925411,0.5978814950806617,0.7392870471769072,0.026005909574132513,0.19951135212442644,0.9951959544879899
XLM-R,Validity,0.2,20,43,0.7640960809102402,0.6238874046547942,0.7498597775836777,0.7575221238938054,0.6026690020724019,0.7399509090439289,0.02121840258239227,0.2002502830582206,0.9936788874841972
XLM-R,Validity,0.2,20,44,0.7640960809102402,0.6238874046547942,0.7498597775836777,0.7512010113780025,0.592198352091263,0.7323655532765939,0.03168905256353116,0.2002979560216912,0.9946902654867257
XLM-R,Validity,0.2,20,45,0.7640960809102402,0.6238874046547942,0.7498597775836777,0.7522123893805309,0.5874618422308556,0.7333461153259649,0.03642556242393857,0.1999523270365294,0.9941845764854614
XLM-R,Validity,0.2,20,46,0.7640960809102402,0.6238874046547942,0.7498597775836777,0.7519595448798989,0.5912112740790367,0.7336639078569571,0.03267613057575747,0.19986889935045588,0.9939317319848293
XLM-R,Validity,0.3,30,42,0.7640960809102402,0.6238874046547942,0.7498597775836777,0.7534766118836915,0.5870347764292616,0.7338558352516926,0.03685262822553259,0.30006555032477206,0.9987357774968394
XLM-R,Validity,0.3,30,43,0.7640960809102402,0.6238874046547942,0.7498597775836777,0.747661188369153,0.5850158288260985,0.7281267319059983,0.038871575828695715,0.2997556760622132,0.9989886219974715
XLM-R,Validity,0.3,30,44,0.7640960809102402,0.6238874046547942,0.7498597775836777,0.7451327433628319,0.5729757106736957,0.7239316181780328,0.050911693981098516,0.2996007389309338,0.9989886219974715
XLM-R,Validity,0.3,30,45,0.7640960809102402,0.6238874046547942,0.7498597775836777,0.747661188369153,0.5815714775935483,0.7272517552200384,0.04231592706124587,0.2998510219891544,0.9989886219974715
XLM-R,Validity,0.3,30,46,0.7640960809102402,0.6238874046547942,0.7498597775836777,0.7517067003792668,0.5877768234951835,0.7312787860048976,0.036110581159610744,0.30020856921518385,0.9987357774968394
XLM-R,Understandability,0.1,10,42,0.7640960809102402,0.6238874046547942,0.7498597775836777,0.7580278128950695,0.6039565131773706,0.7421789764439409,0.01993089147742355,0.09118646087837436,0.7752212389380531
XLM-R,Understandability,0.1,10,43,0.7640960809102402,0.6238874046547942,0.7498597775836777,0.7557522123893805,0.6111172406619371,0.7419650942124046,0.012770163992857131,0.09091234133841845,0.7767383059418458
XLM-R,Understandability,0.1,10,44,0.7640960809102402,0.6238874046547942,0.7498597775836777,0.756763590391909,0.6105524079345886,0.7417598417321637,0.01333499672020555,0.0917942911626244,0.7876106194690266
XLM-R,Understandability,0.1,10,45,0.7640960809102402,0.6238874046547942,0.7498597775836777,0.7580278128950695,0.6171160044914349,0.7444699958073397,0.006771400163359309,0.0917942911626244,0.7878634639696587
XLM-R,Understandability,0.1,10,46,0.7640960809102402,0.6238874046547942,0.7498597775836777,0.756763590391909,0.6117243141217025,0.7425800294777689,0.012163090533091725,0.09213992014778619,0.7898862199747155
XLM-R,Understandability,0.2,20,42,0.7640960809102402,0.6238874046547942,0.7498597775836777,0.7570164348925411,0.6125009111857709,0.7426724606026841,0.011386493469023318,0.17071688218818903,0.9560050568900127
XLM-R,Understandability,0.2,20,43,0.7640960809102402,0.6238874046547942,0.7498597775836777,0.7542351453855879,0.6058265399428694,0.739865054238199,0.018060864711924807,0.17002562421786543,0.9539823008849557
XLM-R,Understandability,0.2,20,44,0.7640960809102402,0.6238874046547942,0.7498597775836777,0.7554993678887484,0.6012226391700184,0.7390943564971424,0.022664765484775806,0.17035933496215958,0.9554993678887485
XLM-R,Understandability,0.2,20,45,0.7640960809102402,0.6238874046547942,0.7498597775836777,0.7527180783817952,0.6052502570493318,0.7384853036335092,0.018637147605462423,0.17132471247243908,0.9600505689001264
XLM-R,Understandability,0.2,20,46,0.7640960809102402,0.6238874046547942,0.7498597775836777,0.7522123893805309,0.5980337677053611,0.735587716136161,0.0258536369494331,0.1710625111733508,0.9575221238938053
XLM-R,Understandability,0.3,30,42,0.7640960809102402,0.6238874046547942,0.7498597775836777,0.7512010113780025,0.6044198940041163,0.7358356378213001,0.019467510650677866,0.2603897264763721,0.9848293299620733
XLM-R,Understandability,0.3,30,43,0.7640960809102402,0.6238874046547942,0.7498597775836777,0.7504424778761062,0.6000080805433944,0.7348971464344995,0.023879324111399813,0.2591502294261367,0.9825537294563843
XLM-R,Understandability,0.3,30,44,0.7640960809102402,0.6238874046547942,0.7498597775836777,0.7501896333754741,0.5989196214770636,0.7341652987480043,0.02496778317773063,0.2603420535129015,0.9838179519595449
XLM-R,Understandability,0.3,30,45,0.7640960809102402,0.6238874046547942,0.7498597775836777,0.7456384323640961,0.5995765284687653,0.730509609057716,0.024310876186028896,0.2597223049877838,0.9855878634639696
XLM-R,Understandability,0.3,30,46,0.7640960809102402,0.6238874046547942,0.7498597775836777,0.7486725663716814,0.5910632315799931,0.7320311660992649,0.03282417307480112,0.25998450628687203,0.9873577749683944
