Model,Dimension,Severity_Percent,Clean_Accuracy,Clean_Macro_F1,Clean_Weighted_F1,Accuracy_Mean,Accuracy_SD,Macro_F1_Mean,Macro_F1_SD,Weighted_F1_Mean,Weighted_F1_SD,Delta_F1_Mean,Delta_F1_SD,Realized_Rate_Mean,Realized_Rate_SD,Changed_Instance_Rate_Mean,N_Runs
AraBERTv2,Completeness,10,77.9519595448799,66.96299290767926,77.68087162901232,77.48672566371681,0.35962630723335726,66.65656197363934,0.7577258757439269,77.12388146356581,0.38259771462585473,0.30643093403992294,0.757725875743924,10.001549371312795,0.009285525859380053,95.69658659924146,5
AraBERTv2,Completeness,20,77.9519595448799,66.96299290767926,77.68087162901232,76.13653603034135,0.10332650691126562,64.70330046286651,0.3952809732006067,75.66897242861104,0.1689342440370605,2.2596924448127553,0.3952809732006084,19.992610690662058,0.027610734247582324,99.41845764854614,5
AraBERTv2,Completeness,30,77.9519595448799,66.96299290767926,77.68087162901232,74.53350189633376,0.47887173121844023,63.125774623872424,0.6939786475731599,74.02054797769397,0.460920214665721,3.8372182838068354,0.6939786475731619,29.9858172933675,0.03458960149943466,99.86346396965867,5
AraBERTv2,Consistency,10,77.9519595448799,66.96299290767926,77.68087162901232,77.45638432364096,0.18545760627956737,66.69470644309187,0.4291204497583352,77.22989495262381,0.20490503055971823,0.2682864645873839,0.42912044975833624,10.001943674362934,0.01888234690479382,96.07585335018965,5
AraBERTv2,Consistency,20,77.9519595448799,66.96299290767926,77.68087162901232,76.79393173198483,0.2049444665401701,66.27685390944174,0.4834236873738857,76.58946375281488,0.2598946122814849,0.6861389982375177,0.483423687373886,20.010843656972167,0.026532649455828634,98.98862199747155,5
AraBERTv2,Consistency,30,77.9519595448799,66.96299290767926,77.68087162901232,75.63590391908977,0.3000232004893417,65.48159706063042,0.4799167500614034,75.53484570432148,0.30880490438065045,1.481395847048832,0.4799167500614059,29.995191963418005,0.01897908795250363,99.44879898862199,5
AraBERTv2,Textual Accuracy,10,77.9519595448799,66.96299290767926,77.68087162901232,77.32996207332491,0.3068703195640716,66.33103833222108,0.8019027450161283,76.9957550345162,0.2969359812261443,0.6319545754581779,0.80190274501613,9.973877575961259,0.04238993270958794,90.97850821744628,5
AraBERTv2,Textual Accuracy,20,77.9519595448799,66.96299290767926,77.68087162901232,76.40455120101139,0.3313131394245202,64.8983986705453,0.5470747896383947,75.8773419822055,0.3041629955518374,2.064594237133952,0.5470747896383952,19.978307694657886,0.05996787835929962,98.4677623261694,5
AraBERTv2,Textual Accuracy,30,77.9519595448799,66.96299290767926,77.68087162901232,74.5992414664981,0.3047798979581117,62.78991335312747,0.26939516454131557,73.96102192737814,0.317886224428368,4.173079554551795,0.26939516454131707,30.049342356517624,0.023876963639345414,99.46902654867257,5
AraBERTv2,Understandability,10,77.9519595448799,66.96299290767926,77.68087162901232,77.8558786346397,0.3103917277253886,67.14396906825306,0.5455407325273818,77.5457916435766,0.328931054729018,-0.18097616057380028,0.5455407325273806,9.156546093796555,0.05012325267940255,78.34639696586599,5
AraBERTv2,Understandability,20,77.9519595448799,66.96299290767926,77.68087162901232,77.19342604298356,0.19338885639415848,66.16443115140636,0.3952683543916915,76.8870116407751,0.2336026424189574,0.7985617562728929,0.3952683543916918,17.06978130028008,0.05226797492384445,95.66118836915297,5
AraBERTv2,Understandability,30,77.9519595448799,66.96299290767926,77.68087162901232,76.62199747155499,0.40320572718433617,64.87998253207346,0.8106699611331252,76.24118360744514,0.4086443086885041,2.083010375605807,0.8106699611331241,25.991776413801322,0.05085612672654007,98.48293299620734,5
AraBERTv2,Validity,10,77.9519595448799,66.96299290767926,77.68087162901232,77.50695322376738,0.18021268956971725,66.3010532573056,0.6322560363902516,76.93532572257055,0.22554398510129825,0.6619396503736685,0.6322560363902521,10.005839938025147,0.01568958439546056,95.70670037926675,5
AraBERTv2,Validity,20,77.9519595448799,66.96299290767926,77.68087162901232,76.95069532237675,0.2442273707417062,65.61202445704106,0.27585787933682104,76.2264687258962,0.2398771802402242,1.3509684506381991,0.2758578793368219,19.99761635182647,0.031891039056693285,99.43362831858407,5
AraBERTv2,Validity,30,77.9519595448799,66.96299290767926,77.68087162901232,75.71681415929203,0.23145977226489586,63.88093190586505,0.4107881840448026,74.80309328728669,0.25713033943396085,3.082061001814218,0.4107881840448029,29.989631130445147,0.024255889503395873,99.88874841972188,5
CAMeLBERT-Mix,Completeness,10,75.77749683944374,64.86347976153796,75.77637460165833,75.57522123893806,0.30393970367057405,64.48705769309164,0.49477141063692,75.39801225994913,0.32360135288978287,0.37642206844631376,0.4947714106369162,10.001549371312795,0.009285525859380053,95.69658659924146,5
CAMeLBERT-Mix,Completeness,20,75.77749683944374,64.86347976153796,75.77637460165833,74.79140328697851,0.42043714660722825,63.145976386258795,0.3806107457222083,74.4554338732897,0.4078809743041341,1.7175033752791657,0.3806107457222074,19.992610690662058,0.027610734247582324,99.41845764854614,5
CAMeLBERT-Mix,Completeness,30,75.77749683944374,64.86347976153796,75.77637460165833,73.71934260429836,0.42670084672018266,61.53316721775788,0.5936644449175975,73.15588091160905,0.434400211052249,3.3303125437800785,0.5936644449175936,29.9858172933675,0.03458960149943466,99.86346396965867,5
CAMeLBERT-Mix,Consistency,10,75.77749683944374,64.86347976153796,75.77637460165833,75.34766118836916,0.33591226942064156,64.47700413349656,0.572777024748553,75.40367965007468,0.2606106189962726,0.3864756280413917,0.572777024748554,10.001943674362934,0.01888234690479382,96.07585335018965,5
CAMeLBERT-Mix,Consistency,20,75.77749683944374,64.86347976153796,75.77637460165833,74.51327433628319,0.2832535588167876,63.89135026540795,0.3238802179925707,74.61748728875295,0.2329065806305392,0.9721294961299942,0.32388021799257083,20.010843656972167,0.026532649455828634,98.98862199747155,5
CAMeLBERT-Mix,Consistency,30,75.77749683944374,64.86347976153796,75.77637460165833,73.36030341340076,0.4946972278693548,62.68194781437016,0.7308503764743995,73.58871898732178,0.5034581572064246,2.1815319471677874,0.7308503764743982,29.995191963418005,0.01897908795250363,99.44879898862199,5
CAMeLBERT-Mix,Textual Accuracy,10,75.77749683944374,64.86347976153796,75.77637460165833,75.36283185840709,0.4725554812497244,64.15306765619466,0.43942207116030757,75.18166874286504,0.48451216887308035,0.710412105343301,0.4394220711603071,9.973877575961259,0.04238993270958794,90.97850821744628,5
CAMeLBERT-Mix,Textual Accuracy,20,75.77749683944374,64.86347976153796,75.77637460165833,74.34639696586599,0.44251399527494867,62.51089320954829,0.6636594056301689,73.9814940270897,0.4254675149862255,2.3525865519896683,0.6636594056301697,19.978307694657886,0.05996787835929962,98.4677623261694,5
CAMeLBERT-Mix,Textual Accuracy,30,75.77749683944374,64.86347976153796,75.77637460165833,72.18710493046775,0.2781289506953231,59.9773289035858,0.21587559629461403,71.65912023160975,0.23129094400456393,4.88615085795215,0.21587559629461534,30.049342356517624,0.023876963639345414,99.46902654867257,5
CAMeLBERT-Mix,Understandability,10,75.77749683944374,64.86347976153796,75.77637460165833,75.83817951959546,0.3710013817350106,64.55800415655276,0.37342656411447267,75.66908988818156,0.3001922980646514,0.30547560498519033,0.37342656411447606,9.156546093796555,0.05012325267940255,78.34639696586599,5
CAMeLBERT-Mix,Understandability,20,75.77749683944374,64.86347976153796,75.77637460165833,75.84829329962074,0.25183109174187174,64.60104574914386,0.3242475063790875,75.59342807956124,0.2505111069011022,0.2624340123941038,0.3242475063790853,17.06978130028008,0.05226797492384445,95.66118836915297,5
CAMeLBERT-Mix,Understandability,30,75.77749683944374,64.86347976153796,75.77637460165833,75.92414664981038,0.4402690034827603,64.50408465356632,0.9076024517062582,75.59636765345337,0.5012386937459472,0.35939510797164065,0.907602451706261,25.991776413801322,0.05085612672654007,98.48293299620734,5
CAMeLBERT-Mix,Validity,10,75.77749683944374,64.86347976153796,75.77637460165833,74.86725663716814,0.23035230288607553,64.61257208997068,0.1493902292489593,74.92519511603302,0.22267115486969474,0.250907671567282,0.14939022924895914,10.005839938025147,0.01568958439546056,95.70670037926675,5
CAMeLBERT-Mix,Validity,20,75.77749683944374,64.86347976153796,75.77637460165833,73.51706700379268,0.16637859799101437,63.50570966223535,0.3811076390141228,73.59791271413539,0.18661969551018906,1.3577700993026087,0.38110763901412015,19.99761635182647,0.031891039056693285,99.43362831858407,5
CAMeLBERT-Mix,Validity,30,75.77749683944374,64.86347976153796,75.77637460165833,71.39823008849558,0.39471286048881904,61.677383171766095,0.42133659823643743,71.4059211505677,0.39294557576987166,3.1860965897718656,0.42133659823644,29.989631130445147,0.024255889503395873,99.88874841972188,5
XLM-R,Completeness,10,76.40960809102401,62.38874046547942,74.98597775836777,75.68647281921618,0.19139510359318032,61.14843606371717,0.22910160382381542,74.18568264959964,0.13982590717528123,1.240304401762251,0.2291016038238148,10.001549371312795,0.009285525859380053,95.69658659924146,5
XLM-R,Completeness,20,76.40960809102401,62.38874046547942,74.98597775836777,74.26042983565108,0.6520251306309823,59.344658933607505,1.0486948954372326,72.64379428314697,0.715997225803877,3.0440815318719094,1.0486948954372346,19.992610690662058,0.027610734247582324,99.41845764854614,5
XLM-R,Completeness,30,76.40960809102401,62.38874046547942,74.98597775836777,72.86978508217446,0.5449370938622576,57.923019649320494,0.9115548807571529,71.17731625772062,0.5637313623410798,4.4657208161589175,0.9115548807571533,29.9858172933675,0.03458960149943466,99.86346396965867,5
XLM-R,Consistency,10,76.40960809102401,62.38874046547942,74.98597775836777,75.8938053097345,0.23488696156750882,61.27674476359044,0.6238702183804081,74.34740733507844,0.3074013571786269,1.1119957018889814,0.6238702183804085,10.001943674362934,0.01888234690479382,96.07585335018965,5
XLM-R,Consistency,20,76.40960809102401,62.38874046547942,74.98597775836777,75.3173198482933,0.26602798356637153,60.470203391219826,0.35165341052649857,73.73632004416686,0.21389126980399784,1.9185370742595897,0.35165341052649773,20.010843656972167,0.026532649455828634,98.98862199747155,5
XLM-R,Consistency,30,76.40960809102401,62.38874046547942,74.98597775836777,74.82680151706701,0.20819407181025526,59.875808733247005,0.697140528175143,73.1749725682458,0.24458430508068257,2.5129317322324196,0.6971405281751424,29.995191963418005,0.01897908795250363,99.44879898862199,5
XLM-R,Textual Accuracy,10,76.40960809102401,62.38874046547942,74.98597775836777,75.53476611883691,0.13331404628535393,60.00480731218482,0.3117884654003479,73.86713651516679,0.09691028195941057,2.3839331532945973,0.3117884654003481,9.973877575961259,0.04238993270958794,90.97850821744628,5
XLM-R,Textual Accuracy,20,76.40960809102401,62.38874046547942,74.98597775836777,74.82680151706701,0.3068703195640724,59.169806697589244,0.6867810202368426,73.01881286728394,0.3800240809861655,3.2189337678901793,0.6867810202368435,19.978307694657886,0.05996787835929962,98.4677623261694,5
XLM-R,Textual Accuracy,30,76.40960809102401,62.38874046547942,74.98597775836777,73.795195954488,0.6106600379662396,58.31450953327393,0.5286447920127141,71.92242803284567,0.5391515831830748,4.0742309322054915,0.5286447920127139,30.049342356517624,0.023876963639345414,99.46902654867257,5
XLM-R,Understandability,10,76.40960809102401,62.38874046547942,74.98597775836777,75.70670037926675,0.09694204557613367,61.08932960774067,0.4682360619950407,74.25907875347237,0.10935139348148175,1.2994108577387453,0.4682360619950406,9.156546093796555,0.05012325267940255,78.34639696586599,5
XLM-R,Understandability,20,76.40960809102401,62.38874046547942,74.98597775836777,75.43362831858407,0.19796287363907594,60.45668230106702,0.5451332433154464,73.9140978221539,0.25521269602136915,1.9320581644123889,0.5451332433154465,17.06978130028008,0.05226797492384445,95.66118836915297,5
XLM-R,Understandability,30,76.40960809102401,62.38874046547942,74.98597775836777,74.92288242730721,0.22071456731019298,59.87974712146665,0.4835223019376885,73.3487771632157,0.21765229131898534,2.5089933440127665,0.4835223019376892,25.991776413801322,0.05085612672654007,98.48293299620734,5
XLM-R,Validity,10,76.40960809102401,62.38874046547942,74.98597775836777,75.9039190897598,0.1027059216768137,60.99184130429066,0.2961168216688165,74.32992362992556,0.13778112802640402,1.3968991611887605,0.2961168216688142,10.005839938025147,0.01568958439546056,95.70670037926675,5
XLM-R,Validity,20,76.40960809102401,62.38874046547942,74.98597775836777,75.39823008849558,0.302886183330242,59.42843931108438,0.5991319517613893,73.57227065360703,0.35965099902567205,2.9603011543950397,0.5991319517613886,19.99761635182647,0.031891039056693285,99.43362831858407,5
XLM-R,Validity,30,76.40960809102401,62.38874046547942,74.98597775836777,74.91276864728192,0.33847181857257186,58.287492340355755,0.6033445561673213,72.88889453121318,0.3815029069257631,4.101248125123669,0.6033445561673204,29.989631130445147,0.024255889503395873,99.88874841972188,5
