Model,Dimension,Severity_Percent,Perturbation_Seed,Clean_Accuracy,Clean_Macro_F1,Clean_Weighted_F1,Perturbed_Accuracy,Perturbed_Macro_F1,Perturbed_Weighted_F1,Delta_F1,Realized_Rate,Changed_Instance_Rate
AraBERTv2,Textual Accuracy,10,42,0.744127936031984,0.5854499610060613,0.7386189905678083,0.7286356821589205,0.5604050052714877,0.7228766133165017,0.02504495573457355,0.1009349030470914,0.8530734632683659
AraBERTv2,Textual Accuracy,10,43,0.744127936031984,0.5854499610060613,0.7386189905678083,0.7411294352823589,0.5778663518446576,0.7348105937780667,0.007583609161403659,0.09890062326869806,0.8445777111444278
AraBERTv2,Textual Accuracy,10,44,0.744127936031984,0.5854499610060613,0.7386189905678083,0.728135932033983,0.5501943467400783,0.7207614258783267,0.035255614265983004,0.09911703601108034,0.8455772113943029
AraBERTv2,Textual Accuracy,10,45,0.744127936031984,0.5854499610060613,0.7386189905678083,0.7426286856571714,0.5846964416664762,0.7371097529494044,0.0007535193395851181,0.09998268698060941,0.847576211894053
AraBERTv2,Textual Accuracy,10,46,0.744127936031984,0.5854499610060613,0.7386189905678083,0.7396301849075462,0.5843062579335161,0.7345369014327361,0.001143703072545188,0.09993940443213296,0.8520739630184908
AraBERTv2,Textual Accuracy,20,42,0.744127936031984,0.5854499610060613,0.7386189905678083,0.7346326836581709,0.5620329507750075,0.7267372312185568,0.023417010231053803,0.2016101108033241,0.9625187406296851
AraBERTv2,Textual Accuracy,20,43,0.744127936031984,0.5854499610060613,0.7386189905678083,0.7136431784107946,0.5363950571891501,0.7082436043311175,0.04905490381691113,0.2005713296398892,0.9590204897551224
AraBERTv2,Textual Accuracy,20,44,0.744127936031984,0.5854499610060613,0.7386189905678083,0.7266366816591704,0.5573391324741791,0.7202832748115721,0.02811082853188218,0.19987880886426593,0.9585207396301849
AraBERTv2,Textual Accuracy,20,45,0.744127936031984,0.5854499610060613,0.7386189905678083,0.7326336831584208,0.5666083208493387,0.7273615102930067,0.018841640156722628,0.19836391966759004,0.9555222388805598
AraBERTv2,Textual Accuracy,20,46,0.744127936031984,0.5854499610060613,0.7386189905678083,0.7206396801599201,0.5489076519112401,0.7137652591671945,0.036542309094821146,0.19901315789473684,0.9585207396301849
AraBERTv2,Textual Accuracy,30,42,0.744127936031984,0.5854499610060613,0.7386189905678083,0.7181409295352323,0.5367759541517729,0.709030125681066,0.048674006854288354,0.29947195290858725,0.9780109945027486
AraBERTv2,Textual Accuracy,30,43,0.744127936031984,0.5854499610060613,0.7386189905678083,0.7261369315342329,0.5451661940493631,0.7158964772743268,0.04028376695669822,0.30176592797783935,0.9800099950024987
AraBERTv2,Textual Accuracy,30,44,0.744127936031984,0.5854499610060613,0.7386189905678083,0.7201399300349826,0.541425024793626,0.7118576997845837,0.044024936212435306,0.2999913434903047,0.9770114942528736
AraBERTv2,Textual Accuracy,30,45,0.744127936031984,0.5854499610060613,0.7386189905678083,0.7241379310344828,0.5505240058840469,0.7159699106363144,0.03492595512201435,0.29964508310249305,0.9790104947526237
AraBERTv2,Textual Accuracy,30,46,0.744127936031984,0.5854499610060613,0.7386189905678083,0.7191404297851074,0.5372442237091565,0.7107959397929766,0.048205737296904805,0.2998182132963989,0.9760119940029985
AraBERTv2,Completeness,10,42,0.744127936031984,0.5854499610060613,0.7386189905678083,0.7381309345327336,0.5638106246834529,0.7278983078865828,0.021639336322608393,0.10015298680044117,0.9020489755122438
AraBERTv2,Completeness,10,43,0.744127936031984,0.5854499610060613,0.7386189905678083,0.7351324337831084,0.5658502441050552,0.7268152009252349,0.019599716901006037,0.09976162521791725,0.895552223888056
AraBERTv2,Completeness,10,44,0.744127936031984,0.5854499610060613,0.7386189905678083,0.7286356821589205,0.5521009170196092,0.7199176636282986,0.03334904398645211,0.10043761340591312,0.9030484757621189
AraBERTv2,Completeness,10,45,0.744127936031984,0.5854499610060613,0.7386189905678083,0.7301349325337332,0.5447790294776669,0.7191273305799448,0.040670931528394405,0.09990393852065321,0.8970514742628686
AraBERTv2,Completeness,10,46,0.744127936031984,0.5854499610060613,0.7386189905678083,0.7426286856571714,0.5689825812723532,0.7331021840849516,0.016467379733708043,0.10025972177749315,0.9060469765117442
AraBERTv2,Completeness,20,42,0.744127936031984,0.5854499610060613,0.7386189905678083,0.7271364317841079,0.5467266334506675,0.7137455091850097,0.03872332755539376,0.20027039527519835,0.9765117441279361
AraBERTv2,Completeness,20,43,0.744127936031984,0.5854499610060613,0.7386189905678083,0.7286356821589205,0.5435605097163373,0.7174614599189822,0.04188945128972399,0.19977229871562244,0.9750124937531235
AraBERTv2,Completeness,20,44,0.744127936031984,0.5854499610060613,0.7386189905678083,0.7296351824087957,0.5469293995764584,0.7163985281914552,0.03852056142960292,0.1994165154587825,0.9810094952523738
AraBERTv2,Completeness,20,45,0.744127936031984,0.5854499610060613,0.7386189905678083,0.7246376811594203,0.5289104825808632,0.7099762678300171,0.05653947842519813,0.19970114206425446,0.9775112443778111
AraBERTv2,Completeness,20,46,0.744127936031984,0.5854499610060613,0.7386189905678083,0.7171414292853573,0.5252865202137347,0.7037908890146102,0.060163440792326606,0.19945209378446652,0.9735132433783108
AraBERTv2,Completeness,30,42,0.744127936031984,0.5854499610060613,0.7386189905678083,0.7301349325337332,0.5356429101092699,0.7126189358144652,0.04980705089679138,0.29985412886469565,0.9895052473763118
AraBERTv2,Completeness,30,43,0.744127936031984,0.5854499610060613,0.7386189905678083,0.7181409295352323,0.523414223371913,0.7010210305226421,0.06203573763414827,0.29910698402533176,0.9910044977511244
AraBERTv2,Completeness,30,44,0.744127936031984,0.5854499610060613,0.7386189905678083,0.7176411794102948,0.5169400874380707,0.6987061961305274,0.06850987356799054,0.3002099121215356,0.9895052473763118
AraBERTv2,Completeness,30,45,0.744127936031984,0.5854499610060613,0.7386189905678083,0.7181409295352323,0.5152728528267957,0.7000217942369737,0.07017710817926559,0.2999252855160636,0.9920039980009995
AraBERTv2,Completeness,30,46,0.744127936031984,0.5854499610060613,0.7386189905678083,0.7241379310344828,0.523305340230185,0.7054266372983474,0.062144620775876236,0.3010282136122674,0.9870064967516242
AraBERTv2,Consistency,10,42,0.744127936031984,0.5854499610060613,0.7386189905678083,0.7421289355322339,0.5758713675196998,0.7350576061613636,0.009578593486361475,0.10025934221383945,0.9220389805097451
AraBERTv2,Consistency,10,43,0.744127936031984,0.5854499610060613,0.7386189905678083,0.7371314342828585,0.5655684319142409,0.7292087626513338,0.019881529091820394,0.10025934221383945,0.920039980009995
AraBERTv2,Consistency,10,44,0.744127936031984,0.5854499610060613,0.7386189905678083,0.7341329335332334,0.5657461291149279,0.7271546015222432,0.01970383189113334,0.10014145938936697,0.9195402298850575
AraBERTv2,Consistency,10,45,0.744127936031984,0.5854499610060613,0.7386189905678083,0.736631684157921,0.5704367407891456,0.7290619533552701,0.015013220216915646,0.09955204526700459,0.9135432283858071
AraBERTv2,Consistency,10,46,0.744127936031984,0.5854499610060613,0.7386189905678083,0.7381309345327336,0.5769784736221519,0.7308900230440497,0.008471487383909349,0.10078981492396558,0.9265367316341829
AraBERTv2,Consistency,20,42,0.744127936031984,0.5854499610060613,0.7386189905678083,0.7336331834082959,0.5569512828602592,0.7229512570632298,0.028498678145802092,0.2006955086643876,0.9810094952523738
AraBERTv2,Consistency,20,43,0.744127936031984,0.5854499610060613,0.7386189905678083,0.735632183908046,0.5565050132117608,0.7252339133217599,0.028944947794300457,0.2003713308970883,0.9775112443778111
AraBERTv2,Consistency,20,44,0.744127936031984,0.5854499610060613,0.7386189905678083,0.7401299350324838,0.5703626646236886,0.7307076312583075,0.015087296382372717,0.20048921372156076,0.9785107446276862
AraBERTv2,Consistency,20,45,0.744127936031984,0.5854499610060613,0.7386189905678083,0.7416291854072964,0.5715196656497326,0.7325709271711065,0.013930295356328726,0.2005186844276789,0.9830084957521239
AraBERTv2,Consistency,20,46,0.744127936031984,0.5854499610060613,0.7386189905678083,0.7336331834082959,0.5545801392595521,0.7235061690287717,0.030869821746509207,0.200047153129789,0.9830084957521239
AraBERTv2,Consistency,30,42,0.744127936031984,0.5854499610060613,0.7386189905678083,0.7346326836581709,0.5516900821193587,0.7208787139243263,0.03375987888670262,0.3002180832252741,0.9905047476261869
AraBERTv2,Consistency,30,43,0.744127936031984,0.5854499610060613,0.7386189905678083,0.7341329335332334,0.5526009166649036,0.7200077141452845,0.03284904434115765,0.29889190144995875,0.9910044977511244
AraBERTv2,Consistency,30,44,0.744127936031984,0.5854499610060613,0.7386189905678083,0.7216391804097951,0.5269375674244297,0.7077697704413216,0.05851239358163163,0.29889190144995875,0.9895052473763118
AraBERTv2,Consistency,30,45,0.744127936031984,0.5854499610060613,0.7386189905678083,0.728135932033983,0.5347744877121092,0.7119374739220549,0.050675473293952056,0.3003064953436284,0.9900049975012494
AraBERTv2,Consistency,30,46,0.744127936031984,0.5854499610060613,0.7386189905678083,0.7286356821589205,0.5390528924855433,0.7145759214919241,0.04639706852051795,0.30080749734763645,0.9885057471264368
AraBERTv2,Validity,10,42,0.744127936031984,0.5854499610060613,0.7386189905678083,0.7391304347826086,0.5458178445621757,0.7214061868866171,0.039632116443885534,0.10093570996548902,0.9045477261369316
AraBERTv2,Validity,10,43,0.744127936031984,0.5854499610060613,0.7386189905678083,0.7476261869065467,0.5674959946170366,0.7310963159289017,0.01795396638902469,0.09883658875013342,0.8985507246376812
AraBERTv2,Validity,10,44,0.744127936031984,0.5854499610060613,0.7386189905678083,0.7426286856571714,0.5552889724095752,0.7250079576096141,0.030160988596486082,0.09958373358949728,0.9005497251374313
AraBERTv2,Validity,10,45,0.744127936031984,0.5854499610060613,0.7386189905678083,0.751624187906047,0.5689615786791962,0.7354571946898656,0.016488382326865114,0.09944142028676131,0.9030484757621189
AraBERTv2,Validity,10,46,0.744127936031984,0.5854499610060613,0.7386189905678083,0.7466266866566716,0.5579167419092146,0.730162155017154,0.027533219096846695,0.09969046856654926,0.8940529735132434
AraBERTv2,Validity,20,42,0.744127936031984,0.5854499610060613,0.7386189905678083,0.7396301849075462,0.5250707852831373,0.7140652015050176,0.06037917572292395,0.20023481694951437,0.975512243878061
AraBERTv2,Validity,20,43,0.744127936031984,0.5854499610060613,0.7386189905678083,0.7466266866566716,0.5327851918192398,0.7199538655108996,0.0526647691868215,0.20087522681182624,0.984007996001999
AraBERTv2,Validity,20,44,0.744127936031984,0.5854499610060613,0.7386189905678083,0.7496251874062968,0.5471541997319921,0.7251323006548956,0.038295761274069196,0.19966556373857047,0.9780109945027486
AraBERTv2,Validity,20,45,0.744127936031984,0.5854499610060613,0.7386189905678083,0.7426286856571714,0.5311330494328367,0.7164676306881353,0.0543169115732246,0.20080407016045826,0.9770114942528736
AraBERTv2,Validity,20,46,0.744127936031984,0.5854499610060613,0.7386189905678083,0.7421289355322339,0.527156327464997,0.715699407725183,0.058293633541064316,0.20023481694951437,0.9800099950024987
AraBERTv2,Validity,30,42,0.744127936031984,0.5854499610060613,0.7386189905678083,0.7346326836581709,0.49832717197608417,0.7003298226995417,0.08712278902997711,0.29974739388764365,0.9900049975012494
AraBERTv2,Validity,30,43,0.744127936031984,0.5854499610060613,0.7386189905678083,0.743128435782109,0.5177438969680476,0.7095791686466403,0.06770606403801371,0.2999608638417476,0.9890054972513743
AraBERTv2,Validity,30,44,0.744127936031984,0.5854499610060613,0.7386189905678083,0.7371314342828585,0.5049986008482914,0.7044633178686454,0.08045136015776988,0.2998897071903796,0.9905047476261869
AraBERTv2,Validity,30,45,0.744127936031984,0.5854499610060613,0.7386189905678083,0.7411294352823589,0.5112052402215232,0.7080002398148466,0.07424472078453803,0.2995695022592237,0.9905047476261869
AraBERTv2,Validity,30,46,0.744127936031984,0.5854499610060613,0.7386189905678083,0.7391304347826086,0.5124521465201566,0.7060911711518191,0.0729978144859047,0.29793289927776,0.9895052473763118
AraBERTv2,Understandability,10,42,0.744127936031984,0.5854499610060613,0.7386189905678083,0.7341329335332334,0.572197475065407,0.7286164223414392,0.013252485940654313,0.0978759739566656,0.6746626686656672
AraBERTv2,Understandability,10,43,0.744127936031984,0.5854499610060613,0.7386189905678083,0.735632183908046,0.5678786362859716,0.7292068696386907,0.01757132472008971,0.09673746753477781,0.6696651674162919
AraBERTv2,Understandability,10,44,0.744127936031984,0.5854499610060613,0.7386189905678083,0.7381309345327336,0.5744239134624509,0.7312294702634128,0.011026047543610362,0.09862311879602946,0.6816591704147926
AraBERTv2,Understandability,10,45,0.744127936031984,0.5854499610060613,0.7386189905678083,0.7321339330334833,0.5615825474203562,0.7256094605876321,0.0238674135857051,0.09883658875013342,0.6836581709145427
AraBERTv2,Understandability,10,46,0.744127936031984,0.5854499610060613,0.7386189905678083,0.7346326836581709,0.5671320377991471,0.7273083918231923,0.018317923206914166,0.09876543209876543,0.6831584207896052
AraBERTv2,Understandability,20,42,0.744127936031984,0.5854499610060613,0.7386189905678083,0.7351324337831084,0.5651795465250573,0.728205670882017,0.020270414481003973,0.16771622727434446,0.9050474762618691
AraBERTv2,Understandability,20,43,0.744127936031984,0.5854499610060613,0.7386189905678083,0.736631684157921,0.5656437272074751,0.7298574718227028,0.019806233798586148,0.16728928736613655,0.8975512243878061
AraBERTv2,Understandability,20,44,0.744127936031984,0.5854499610060613,0.7386189905678083,0.7266366816591704,0.5553485950745736,0.7208763201371341,0.03010136593148771,0.16739602234318854,0.896551724137931
AraBERTv2,Understandability,20,45,0.744127936031984,0.5854499610060613,0.7386189905678083,0.7396301849075462,0.5782374345612425,0.7337831137893047,0.007212526444818734,0.1691749386273882,0.8990504747626187
AraBERTv2,Understandability,20,46,0.744127936031984,0.5854499610060613,0.7386189905678083,0.7316341829085458,0.5630168687423656,0.7241137081208422,0.02243309226369572,0.16824990215960436,0.8930534732633684
AraBERTv2,Understandability,30,42,0.744127936031984,0.5854499610060613,0.7386189905678083,0.7221389305347327,0.5370200990642102,0.7125434046973245,0.04842986194185106,0.24961753299889708,0.9610194902548725
AraBERTv2,Understandability,30,43,0.744127936031984,0.5854499610060613,0.7386189905678083,0.7151424287856072,0.5352481718533564,0.7074753585163904,0.0502017891527049,0.2493684847191091,0.9585207396301849
AraBERTv2,Understandability,30,44,0.744127936031984,0.5854499610060613,0.7386189905678083,0.7336331834082959,0.5534411819962962,0.7244894400630634,0.032008779009765065,0.24869249653111325,0.9535232383808095
AraBERTv2,Understandability,30,45,0.744127936031984,0.5854499610060613,0.7386189905678083,0.7306346826586707,0.5612447003007088,0.7224698438569872,0.02420526070535245,0.24858576155406126,0.953023488255872
AraBERTv2,Understandability,30,46,0.744127936031984,0.5854499610060613,0.7386189905678083,0.7271364317841079,0.5511670274984981,0.7192472073860208,0.034282933507563174,0.2507204610951009,0.9565217391304348
CAMeLBERT-Mix,Textual Accuracy,10,42,0.7421289355322339,0.5730662268364118,0.7328104564196332,0.735632183908046,0.5660077601151923,0.7282441073511968,0.0070584667212195695,0.1009349030470914,0.8530734632683659
CAMeLBERT-Mix,Textual Accuracy,10,43,0.7421289355322339,0.5730662268364118,0.7328104564196332,0.7331334332833583,0.5694305345282576,0.7251741100618192,0.0036356923081541925,0.09890062326869806,0.8445777111444278
CAMeLBERT-Mix,Textual Accuracy,10,44,0.7421289355322339,0.5730662268364118,0.7328104564196332,0.7256371814092953,0.5457091095942942,0.715839403741888,0.027357117242117646,0.09911703601108034,0.8455772113943029
CAMeLBERT-Mix,Textual Accuracy,10,45,0.7421289355322339,0.5730662268364118,0.7328104564196332,0.729135432283858,0.5584573650283996,0.7215164897552502,0.014608861808012241,0.09998268698060941,0.847576211894053
CAMeLBERT-Mix,Textual Accuracy,10,46,0.7421289355322339,0.5730662268364118,0.7328104564196332,0.7296351824087957,0.5571745018590765,0.7218331419535835,0.015891724977335375,0.09993940443213296,0.8520739630184908
CAMeLBERT-Mix,Textual Accuracy,20,42,0.7421289355322339,0.5730662268364118,0.7328104564196332,0.7261369315342329,0.555230571008561,0.7192414591424591,0.01783565582785085,0.2016101108033241,0.9625187406296851
CAMeLBERT-Mix,Textual Accuracy,20,43,0.7421289355322339,0.5730662268364118,0.7328104564196332,0.7231384307846077,0.5404858725374615,0.7159018422508472,0.03258035429895034,0.2005713296398892,0.9590204897551224
CAMeLBERT-Mix,Textual Accuracy,20,44,0.7421289355322339,0.5730662268364118,0.7328104564196332,0.7296351824087957,0.5527664717438057,0.7212337078761958,0.020299755092606175,0.19987880886426593,0.9585207396301849
CAMeLBERT-Mix,Textual Accuracy,20,45,0.7421289355322339,0.5730662268364118,0.7328104564196332,0.7246376811594203,0.558633209880013,0.7194045608198505,0.01443301695639887,0.19836391966759004,0.9555222388805598
CAMeLBERT-Mix,Textual Accuracy,20,46,0.7421289355322339,0.5730662268364118,0.7328104564196332,0.7086456771614192,0.532638705848193,0.702818614043219,0.04042752098821889,0.19901315789473684,0.9585207396301849
CAMeLBERT-Mix,Textual Accuracy,30,42,0.7421289355322339,0.5730662268364118,0.7328104564196332,0.7126436781609196,0.5396240333398401,0.7077978125603178,0.03344219349657174,0.29947195290858725,0.9780109945027486
CAMeLBERT-Mix,Textual Accuracy,30,43,0.7421289355322339,0.5730662268364118,0.7328104564196332,0.6996501749125438,0.522446264835474,0.6956203072984457,0.05061996200093788,0.30176592797783935,0.9800099950024987
CAMeLBERT-Mix,Textual Accuracy,30,44,0.7421289355322339,0.5730662268364118,0.7328104564196332,0.704647676161919,0.5337958830670698,0.7001112680521766,0.03927034376934202,0.2999913434903047,0.9770114942528736
CAMeLBERT-Mix,Textual Accuracy,30,45,0.7421289355322339,0.5730662268364118,0.7328104564196332,0.712143928035982,0.5396957289991258,0.7069507767649394,0.03337049783728607,0.29964508310249305,0.9790104947526237
CAMeLBERT-Mix,Textual Accuracy,30,46,0.7421289355322339,0.5730662268364118,0.7328104564196332,0.696151924037981,0.5165784293656617,0.6914149514144786,0.05648779747075017,0.2998182132963989,0.9760119940029985
CAMeLBERT-Mix,Completeness,10,42,0.7421289355322339,0.5730662268364118,0.7328104564196332,0.7316341829085458,0.5428633199287,0.7180446696177579,0.03020290690771188,0.10015298680044117,0.9020489755122438
CAMeLBERT-Mix,Completeness,10,43,0.7421289355322339,0.5730662268364118,0.7328104564196332,0.7346326836581709,0.5479633140398872,0.7222640470829237,0.025102912796524657,0.09976162521791725,0.895552223888056
CAMeLBERT-Mix,Completeness,10,44,0.7421289355322339,0.5730662268364118,0.7328104564196332,0.7331334332833583,0.5465612980666901,0.7200979729101943,0.02650492876972177,0.10043761340591312,0.9030484757621189
CAMeLBERT-Mix,Completeness,10,45,0.7421289355322339,0.5730662268364118,0.7328104564196332,0.7311344327836082,0.5461328876427184,0.718346024664621,0.02693333919369345,0.09990393852065321,0.8970514742628686
CAMeLBERT-Mix,Completeness,10,46,0.7421289355322339,0.5730662268364118,0.7328104564196332,0.7301349325337332,0.542727588196857,0.7174518786366721,0.030338638639554882,0.10025972177749315,0.9060469765117442
CAMeLBERT-Mix,Completeness,20,42,0.7421289355322339,0.5730662268364118,0.7328104564196332,0.7311344327836082,0.545373982835597,0.7157591155130033,0.027692244000814825,0.20027039527519835,0.9765117441279361
CAMeLBERT-Mix,Completeness,20,43,0.7421289355322339,0.5730662268364118,0.7328104564196332,0.719640179910045,0.5175806742997574,0.7027031300041243,0.05548555253665444,0.19977229871562244,0.9750124937531235
CAMeLBERT-Mix,Completeness,20,44,0.7421289355322339,0.5730662268364118,0.7328104564196332,0.7261369315342329,0.5243550296821925,0.7100197640848508,0.04871119715421934,0.1994165154587825,0.9810094952523738
CAMeLBERT-Mix,Completeness,20,45,0.7421289355322339,0.5730662268364118,0.7328104564196332,0.719640179910045,0.5194092751756603,0.701909114081489,0.05365695166075157,0.19970114206425446,0.9775112443778111
CAMeLBERT-Mix,Completeness,20,46,0.7421289355322339,0.5730662268364118,0.7328104564196332,0.7176411794102948,0.515204225569804,0.7008153730319732,0.05786200126660779,0.19945209378446652,0.9735132433783108
CAMeLBERT-Mix,Completeness,30,42,0.7421289355322339,0.5730662268364118,0.7328104564196332,0.7256371814092953,0.5123232995409792,0.7038381592468073,0.060742927295432625,0.29985412886469565,0.9895052473763118
CAMeLBERT-Mix,Completeness,30,43,0.7421289355322339,0.5730662268364118,0.7328104564196332,0.7201399300349826,0.5165252427028436,0.7006500937217117,0.05654098413356823,0.29910698402533176,0.9910044977511244
CAMeLBERT-Mix,Completeness,30,44,0.7421289355322339,0.5730662268364118,0.7328104564196332,0.7076461769115442,0.4886682065479767,0.6858594252048629,0.08439802028843513,0.3002099121215356,0.9895052473763118
CAMeLBERT-Mix,Completeness,30,45,0.7421289355322339,0.5730662268364118,0.7328104564196332,0.7181409295352323,0.4935629211479867,0.69462228524653,0.07950330568842512,0.2999252855160636,0.9920039980009995
CAMeLBERT-Mix,Completeness,30,46,0.7421289355322339,0.5730662268364118,0.7328104564196332,0.7101449275362319,0.4870263538682664,0.6869670686576637,0.08603987296814541,0.3010282136122674,0.9870064967516242
CAMeLBERT-Mix,Consistency,10,42,0.7421289355322339,0.5730662268364118,0.7328104564196332,0.7336331834082959,0.5588721650495753,0.7246371901226816,0.014194061786836576,0.10025934221383945,0.9220389805097451
CAMeLBERT-Mix,Consistency,10,43,0.7421289355322339,0.5730662268364118,0.7328104564196332,0.7306346826586707,0.5524884097168532,0.7203766049837191,0.02057781711955864,0.10025934221383945,0.920039980009995
CAMeLBERT-Mix,Consistency,10,44,0.7421289355322339,0.5730662268364118,0.7328104564196332,0.7336331834082959,0.5633266644311051,0.7254370576148983,0.009739562405306712,0.10014145938936697,0.9195402298850575
CAMeLBERT-Mix,Consistency,10,45,0.7421289355322339,0.5730662268364118,0.7328104564196332,0.7306346826586707,0.5585201389401503,0.7214754940206187,0.01454608789626155,0.09955204526700459,0.9135432283858071
CAMeLBERT-Mix,Consistency,10,46,0.7421289355322339,0.5730662268364118,0.7328104564196332,0.7336331834082959,0.5640487241476897,0.7239037592945515,0.009017502688722145,0.10078981492396558,0.9265367316341829
CAMeLBERT-Mix,Consistency,20,42,0.7421289355322339,0.5730662268364118,0.7328104564196332,0.7306346826586707,0.5579360255729636,0.7203204680587316,0.015130201263448217,0.2006955086643876,0.9810094952523738
CAMeLBERT-Mix,Consistency,20,43,0.7421289355322339,0.5730662268364118,0.7328104564196332,0.7241379310344828,0.5424637462766742,0.7140113206537401,0.030602480559737688,0.2003713308970883,0.9775112443778111
CAMeLBERT-Mix,Consistency,20,44,0.7421289355322339,0.5730662268364118,0.7328104564196332,0.7311344327836082,0.5557010292509234,0.7223603966532266,0.01736519758548849,0.20048921372156076,0.9785107446276862
CAMeLBERT-Mix,Consistency,20,45,0.7421289355322339,0.5730662268364118,0.7328104564196332,0.719640179910045,0.5392618285985239,0.7103258025680862,0.033804398237887945,0.2005186844276789,0.9830084957521239
CAMeLBERT-Mix,Consistency,20,46,0.7421289355322339,0.5730662268364118,0.7328104564196332,0.7251374312843578,0.5554259238112407,0.716222739304552,0.017640303025171167,0.200047153129789,0.9830084957521239
CAMeLBERT-Mix,Consistency,30,42,0.7421289355322339,0.5730662268364118,0.7328104564196332,0.7156421789105447,0.5304439775242805,0.7047678813297336,0.04262224931213132,0.3002180832252741,0.9905047476261869
CAMeLBERT-Mix,Consistency,30,43,0.7421289355322339,0.5730662268364118,0.7328104564196332,0.7261369315342329,0.5543888731628539,0.71705412854593,0.01867735367355794,0.29889190144995875,0.9910044977511244
CAMeLBERT-Mix,Consistency,30,44,0.7421289355322339,0.5730662268364118,0.7328104564196332,0.7246376811594203,0.5424276101224845,0.7132835271079863,0.030638616713927314,0.29889190144995875,0.9895052473763118
CAMeLBERT-Mix,Consistency,30,45,0.7421289355322339,0.5730662268364118,0.7328104564196332,0.7226386806596702,0.5369298987131875,0.7116054215493673,0.036136328123224315,0.3003064953436284,0.9900049975012494
CAMeLBERT-Mix,Consistency,30,46,0.7421289355322339,0.5730662268364118,0.7328104564196332,0.7276361819090454,0.5407257387654618,0.7155437281985448,0.032340488070950024,0.30080749734763645,0.9885057471264368
CAMeLBERT-Mix,Validity,10,42,0.7421289355322339,0.5730662268364118,0.7328104564196332,0.7316341829085458,0.5074830074375949,0.7014961379924067,0.06558321939881695,0.10093570996548902,0.9045477261369316
CAMeLBERT-Mix,Validity,10,43,0.7421289355322339,0.5730662268364118,0.7328104564196332,0.7386306846576711,0.5115157724449997,0.7065990444574494,0.06155045439141216,0.09883658875013342,0.8985507246376812
CAMeLBERT-Mix,Validity,10,44,0.7421289355322339,0.5730662268364118,0.7328104564196332,0.7326336831584208,0.5046154853882711,0.7020447348151118,0.06845074144814078,0.09958373358949728,0.9005497251374313
CAMeLBERT-Mix,Validity,10,45,0.7421289355322339,0.5730662268364118,0.7328104564196332,0.7386306846576711,0.5099710900294764,0.7068887891348177,0.06309513680693546,0.09944142028676131,0.9030484757621189
CAMeLBERT-Mix,Validity,10,46,0.7421289355322339,0.5730662268364118,0.7328104564196332,0.744127936031984,0.5310321433206802,0.7153807521183906,0.04203408351573168,0.09969046856654926,0.8940529735132434
CAMeLBERT-Mix,Validity,20,42,0.7421289355322339,0.5730662268364118,0.7328104564196332,0.7316341829085458,0.4761144344413859,0.6883705949998278,0.09695179239502594,0.20023481694951437,0.975512243878061
CAMeLBERT-Mix,Validity,20,43,0.7421289355322339,0.5730662268364118,0.7328104564196332,0.7266366816591704,0.46273043696487626,0.6813794693438688,0.11033578987153558,0.20087522681182624,0.984007996001999
CAMeLBERT-Mix,Validity,20,44,0.7421289355322339,0.5730662268364118,0.7328104564196332,0.7271364317841079,0.4615916437415266,0.6803597355691481,0.11147458309488523,0.19966556373857047,0.9780109945027486
CAMeLBERT-Mix,Validity,20,45,0.7421289355322339,0.5730662268364118,0.7328104564196332,0.7306346826586707,0.4701834524421873,0.6858359677405051,0.10288277439422455,0.20080407016045826,0.9770114942528736
CAMeLBERT-Mix,Validity,20,46,0.7421289355322339,0.5730662268364118,0.7328104564196332,0.729135432283858,0.4694927253951851,0.6844188363487631,0.10357350144122673,0.20023481694951437,0.9800099950024987
CAMeLBERT-Mix,Validity,30,42,0.7421289355322339,0.5730662268364118,0.7328104564196332,0.7186406796601699,0.4280592348641121,0.6629519857690859,0.14500699197229971,0.29974739388764365,0.9900049975012494
CAMeLBERT-Mix,Validity,30,43,0.7421289355322339,0.5730662268364118,0.7328104564196332,0.7191404297851074,0.42091617401704584,0.6598443763870936,0.152150052819366,0.2999608638417476,0.9890054972513743
CAMeLBERT-Mix,Validity,30,44,0.7421289355322339,0.5730662268364118,0.7328104564196332,0.7161419290354822,0.41455480045600857,0.6571335422559936,0.15851142638040328,0.2998897071903796,0.9905047476261869
CAMeLBERT-Mix,Validity,30,45,0.7421289355322339,0.5730662268364118,0.7328104564196332,0.7206396801599201,0.4181624019716128,0.6607445210910527,0.15490382486479903,0.2995695022592237,0.9905047476261869
CAMeLBERT-Mix,Validity,30,46,0.7421289355322339,0.5730662268364118,0.7328104564196332,0.7181409295352323,0.4232611789830011,0.6610108670000252,0.14980504785341076,0.29793289927776,0.9895052473763118
CAMeLBERT-Mix,Understandability,10,42,0.7421289355322339,0.5730662268364118,0.7328104564196332,0.7361319340329835,0.5671838423540843,0.7275613898870477,0.005882384482327585,0.0978759739566656,0.6746626686656672
CAMeLBERT-Mix,Understandability,10,43,0.7421289355322339,0.5730662268364118,0.7328104564196332,0.7421289355322339,0.5708442961736173,0.7326808249126812,0.0022219306627945246,0.09673746753477781,0.6696651674162919
CAMeLBERT-Mix,Understandability,10,44,0.7421289355322339,0.5730662268364118,0.7328104564196332,0.7371314342828585,0.5615023678795883,0.7265816454157787,0.011563858956823547,0.09862311879602946,0.6816591704147926
CAMeLBERT-Mix,Understandability,10,45,0.7421289355322339,0.5730662268364118,0.7328104564196332,0.7311344327836082,0.5516530376250866,0.7214959231579853,0.02141318921132529,0.09883658875013342,0.6836581709145427
CAMeLBERT-Mix,Understandability,10,46,0.7421289355322339,0.5730662268364118,0.7328104564196332,0.736631684157921,0.5585225362129418,0.7264826489147082,0.014543690623470051,0.09876543209876543,0.6831584207896052
CAMeLBERT-Mix,Understandability,20,42,0.7421289355322339,0.5730662268364118,0.7328104564196332,0.7266366816591704,0.5477401508033342,0.7180209180596084,0.025326076033077682,0.16771622727434446,0.9050474762618691
CAMeLBERT-Mix,Understandability,20,43,0.7421289355322339,0.5730662268364118,0.7328104564196332,0.735632183908046,0.5718039272924652,0.7283746531043074,0.0012622995439466322,0.16728928736613655,0.8975512243878061
CAMeLBERT-Mix,Understandability,20,44,0.7421289355322339,0.5730662268364118,0.7328104564196332,0.729135432283858,0.5522346414692212,0.7197030713323304,0.020831585367190653,0.16739602234318854,0.896551724137931
CAMeLBERT-Mix,Understandability,20,45,0.7421289355322339,0.5730662268364118,0.7328104564196332,0.7311344327836082,0.5568625458159335,0.7212943688365404,0.01620368102047831,0.1691749386273882,0.8990504747626187
CAMeLBERT-Mix,Understandability,20,46,0.7421289355322339,0.5730662268364118,0.7328104564196332,0.7321339330334833,0.55793488623125,0.7228502472353028,0.015131340605161858,0.16824990215960436,0.8930534732633684
CAMeLBERT-Mix,Understandability,30,42,0.7421289355322339,0.5730662268364118,0.7328104564196332,0.7331334332833583,0.5588134949104893,0.7236399521591904,0.01425273192592258,0.24961753299889708,0.9610194902548725
CAMeLBERT-Mix,Understandability,30,43,0.7421289355322339,0.5730662268364118,0.7328104564196332,0.7306346826586707,0.555781588000764,0.7219415311168097,0.017284638835647792,0.2493684847191091,0.9585207396301849
CAMeLBERT-Mix,Understandability,30,44,0.7421289355322339,0.5730662268364118,0.7328104564196332,0.7406296851574213,0.5673863712823037,0.73161073790251,0.005679855554108104,0.24869249653111325,0.9535232383808095
CAMeLBERT-Mix,Understandability,30,45,0.7421289355322339,0.5730662268364118,0.7328104564196332,0.7301349325337332,0.552567515271871,0.7208079619401674,0.02049871156454086,0.24858576155406126,0.953023488255872
CAMeLBERT-Mix,Understandability,30,46,0.7421289355322339,0.5730662268364118,0.7328104564196332,0.7316341829085458,0.5565944647499701,0.7214394679095503,0.016471762086441744,0.2507204610951009,0.9565217391304348
XLM-R,Textual Accuracy,10,42,0.7156421789105447,0.44845147100977323,0.6786454835267066,0.7071464267866067,0.44034667553358503,0.6738071663518378,0.008104795476188198,0.1009349030470914,0.8530734632683659
XLM-R,Textual Accuracy,10,43,0.7156421789105447,0.44845147100977323,0.6786454835267066,0.7166416791604198,0.44776573348644577,0.6815290453972916,0.0006857375233274565,0.09890062326869806,0.8445777111444278
XLM-R,Textual Accuracy,10,44,0.7156421789105447,0.44845147100977323,0.6786454835267066,0.7011494252873564,0.4294623031116907,0.6665479355005356,0.018989167898082526,0.09911703601108034,0.8455772113943029
XLM-R,Textual Accuracy,10,45,0.7156421789105447,0.44845147100977323,0.6786454835267066,0.7071464267866067,0.4376658244430747,0.6711833552795474,0.010785646566698504,0.09998268698060941,0.847576211894053
XLM-R,Textual Accuracy,10,46,0.7156421789105447,0.44845147100977323,0.6786454835267066,0.7151424287856072,0.45505989034429034,0.6815254100601787,-0.006608419334517113,0.09993940443213296,0.8520739630184908
XLM-R,Textual Accuracy,20,42,0.7156421789105447,0.44845147100977323,0.6786454835267066,0.7076461769115442,0.4448138260013361,0.675856457272243,0.003637645008437107,0.2016101108033241,0.9625187406296851
XLM-R,Textual Accuracy,20,43,0.7156421789105447,0.44845147100977323,0.6786454835267066,0.7026486756621689,0.42610464955761784,0.6682049104076362,0.022346821452155385,0.2005713296398892,0.9590204897551224
XLM-R,Textual Accuracy,20,44,0.7156421789105447,0.44845147100977323,0.6786454835267066,0.6991504247876063,0.4341787601186978,0.6661756553149667,0.014272710891075402,0.19987880886426593,0.9585207396301849
XLM-R,Textual Accuracy,20,45,0.7156421789105447,0.44845147100977323,0.6786454835267066,0.697151424287856,0.4212038196881517,0.6626049996497991,0.027247651321621547,0.19836391966759004,0.9555222388805598
XLM-R,Textual Accuracy,20,46,0.7156421789105447,0.44845147100977323,0.6786454835267066,0.6951524237881059,0.42896112182753954,0.6636331151527992,0.01949034918223369,0.19901315789473684,0.9585207396301849
XLM-R,Textual Accuracy,30,42,0.7156421789105447,0.44845147100977323,0.6786454835267066,0.6946526736631684,0.4345586457512638,0.6649388006733346,0.013892825258509434,0.29947195290858725,0.9780109945027486
XLM-R,Textual Accuracy,30,43,0.7156421789105447,0.44845147100977323,0.6786454835267066,0.704647676161919,0.42882523839130493,0.6716929959477748,0.019626232618468298,0.30176592797783935,0.9800099950024987
XLM-R,Textual Accuracy,30,44,0.7156421789105447,0.44845147100977323,0.6786454835267066,0.6991504247876063,0.4207773721206092,0.6650493869342005,0.027674098889164,0.2999913434903047,0.9770114942528736
XLM-R,Textual Accuracy,30,45,0.7156421789105447,0.44845147100977323,0.6786454835267066,0.7001499250374813,0.43893421518857395,0.6701031882387157,0.009517255821199277,0.29964508310249305,0.9790104947526237
XLM-R,Textual Accuracy,30,46,0.7156421789105447,0.44845147100977323,0.6786454835267066,0.6941529235382309,0.41397559446604476,0.6611200132618745,0.03447587654372847,0.2998182132963989,0.9760119940029985
XLM-R,Completeness,10,42,0.7156421789105447,0.44845147100977323,0.6786454835267066,0.7096451774112944,0.43360315693263374,0.6714624574344731,0.01484831407713949,0.10015298680044117,0.9020489755122438
XLM-R,Completeness,10,43,0.7156421789105447,0.44845147100977323,0.6786454835267066,0.7081459270364817,0.43014104431792655,0.6697374722891225,0.018310426691846682,0.09976162521791725,0.895552223888056
XLM-R,Completeness,10,44,0.7156421789105447,0.44845147100977323,0.6786454835267066,0.704647676161919,0.42610812513516005,0.6668016251359333,0.022343345874613174,0.10043761340591312,0.9030484757621189
XLM-R,Completeness,10,45,0.7156421789105447,0.44845147100977323,0.6786454835267066,0.7106446776611695,0.44118284311790723,0.6720194178466417,0.0072686278918659974,0.09990393852065321,0.8970514742628686
XLM-R,Completeness,10,46,0.7156421789105447,0.44845147100977323,0.6786454835267066,0.7096451774112944,0.4353326769509018,0.6730996999139496,0.013118794058871452,0.10025972177749315,0.9060469765117442
XLM-R,Completeness,20,42,0.7156421789105447,0.44845147100977323,0.6786454835267066,0.7041479260369815,0.4165172125842226,0.6638468719948084,0.03193425842555064,0.20027039527519835,0.9765117441279361
XLM-R,Completeness,20,43,0.7156421789105447,0.44845147100977323,0.6786454835267066,0.7021489255372314,0.41687697632898124,0.661704328403699,0.03157449468079199,0.19977229871562244,0.9750124937531235
XLM-R,Completeness,20,44,0.7156421789105447,0.44845147100977323,0.6786454835267066,0.7066466766616691,0.432592996459136,0.6684182883882455,0.015858474550637214,0.1994165154587825,0.9810094952523738
XLM-R,Completeness,20,45,0.7156421789105447,0.44845147100977323,0.6786454835267066,0.7031484257871065,0.4139425093182725,0.6613533243317427,0.03450896169150075,0.19970114206425446,0.9775112443778111
XLM-R,Completeness,20,46,0.7156421789105447,0.44845147100977323,0.6786454835267066,0.7041479260369815,0.43465662321821025,0.6651451285493447,0.01379484779156298,0.19945209378446652,0.9735132433783108
XLM-R,Completeness,30,42,0.7156421789105447,0.44845147100977323,0.6786454835267066,0.6991504247876063,0.41116367993686864,0.6556224972634651,0.037287791072904586,0.29985412886469565,0.9895052473763118
XLM-R,Completeness,30,43,0.7156421789105447,0.44845147100977323,0.6786454835267066,0.6951524237881059,0.40803648455257363,0.6507929825571781,0.0404149864571996,0.29910698402533176,0.9910044977511244
XLM-R,Completeness,30,44,0.7156421789105447,0.44845147100977323,0.6786454835267066,0.6956521739130435,0.402714500096074,0.6507263738912353,0.045736970913699215,0.3002099121215356,0.9895052473763118
XLM-R,Completeness,30,45,0.7156421789105447,0.44845147100977323,0.6786454835267066,0.6956521739130435,0.3949554921888545,0.6502676132026474,0.05349597882091872,0.2999252855160636,0.9920039980009995
XLM-R,Completeness,30,46,0.7156421789105447,0.44845147100977323,0.6786454835267066,0.7016491754122939,0.4169291820779611,0.6595403423632429,0.03152228893181214,0.3010282136122674,0.9870064967516242
XLM-R,Consistency,10,42,0.7156421789105447,0.44845147100977323,0.6786454835267066,0.7066466766616691,0.42961691857531537,0.6686524004387712,0.018834552434457863,0.10025934221383945,0.9220389805097451
XLM-R,Consistency,10,43,0.7156421789105447,0.44845147100977323,0.6786454835267066,0.7116441779110445,0.43833830691046793,0.6743408866918216,0.010113164099305294,0.10025934221383945,0.920039980009995
XLM-R,Consistency,10,44,0.7156421789105447,0.44845147100977323,0.6786454835267066,0.7131434282858571,0.45414250557331737,0.6785299205336405,-0.0056910345635441395,0.10014145938936697,0.9195402298850575
XLM-R,Consistency,10,45,0.7156421789105447,0.44845147100977323,0.6786454835267066,0.7176411794102948,0.45341426698106346,0.6825705315405134,-0.004962795971290235,0.09955204526700459,0.9135432283858071
XLM-R,Consistency,10,46,0.7156421789105447,0.44845147100977323,0.6786454835267066,0.7086456771614192,0.43451609994749213,0.6711617882206147,0.013935371062281099,0.10078981492396558,0.9265367316341829
XLM-R,Consistency,20,42,0.7156421789105447,0.44845147100977323,0.6786454835267066,0.704647676161919,0.4282552437793496,0.6674852966511428,0.020196227230423636,0.2006955086643876,0.9810094952523738
XLM-R,Consistency,20,43,0.7156421789105447,0.44845147100977323,0.6786454835267066,0.7051474262868566,0.4270708212932841,0.666584032471331,0.02138064971648912,0.2003713308970883,0.9775112443778111
XLM-R,Consistency,20,44,0.7156421789105447,0.44845147100977323,0.6786454835267066,0.703648175912044,0.42591662155017096,0.665666810121023,0.02253484945960227,0.20048921372156076,0.9785107446276862
XLM-R,Consistency,20,45,0.7156421789105447,0.44845147100977323,0.6786454835267066,0.7021489255372314,0.427546021968157,0.6654418622356245,0.02090544904161623,0.2005186844276789,0.9830084957521239
XLM-R,Consistency,20,46,0.7156421789105447,0.44845147100977323,0.6786454835267066,0.7056471764117941,0.42974998695547884,0.6667108510644051,0.018701484054294393,0.200047153129789,0.9830084957521239
XLM-R,Consistency,30,42,0.7156421789105447,0.44845147100977323,0.6786454835267066,0.7016491754122939,0.42107701805757075,0.6619521987037819,0.027374452952202477,0.3002180832252741,0.9905047476261869
XLM-R,Consistency,30,43,0.7156421789105447,0.44845147100977323,0.6786454835267066,0.7021489255372314,0.42035935453976936,0.6638289972386686,0.02809211647000387,0.29889190144995875,0.9910044977511244
XLM-R,Consistency,30,44,0.7156421789105447,0.44845147100977323,0.6786454835267066,0.6986506746626686,0.40343589028391186,0.6572911480698145,0.04501558072586137,0.29889190144995875,0.9895052473763118
XLM-R,Consistency,30,45,0.7156421789105447,0.44845147100977323,0.6786454835267066,0.704647676161919,0.42714383541801615,0.6659906348691572,0.02130763559175708,0.3003064953436284,0.9900049975012494
XLM-R,Consistency,30,46,0.7156421789105447,0.44845147100977323,0.6786454835267066,0.7016491754122939,0.4170823202652473,0.6614304349681398,0.03136915074452595,0.30080749734763645,0.9885057471264368
XLM-R,Validity,10,42,0.7156421789105447,0.44845147100977323,0.6786454835267066,0.7116441779110445,0.40795147831534595,0.6606967704192696,0.04049999269442728,0.10093570996548902,0.9045477261369316
XLM-R,Validity,10,43,0.7156421789105447,0.44845147100977323,0.6786454835267066,0.7051474262868566,0.39678997914716396,0.6531780833838243,0.051661491862609266,0.09883658875013342,0.8985507246376812
XLM-R,Validity,10,44,0.7156421789105447,0.44845147100977323,0.6786454835267066,0.711144427786107,0.40850717791451463,0.6588862308857177,0.0399442930952586,0.09958373358949728,0.9005497251374313
XLM-R,Validity,10,45,0.7156421789105447,0.44845147100977323,0.6786454835267066,0.7091454272863568,0.414167830245569,0.6600373830078733,0.034283640764204204,0.09944142028676131,0.9030484757621189
XLM-R,Validity,10,46,0.7156421789105447,0.44845147100977323,0.6786454835267066,0.7061469265367316,0.4058760098062072,0.656971121958997,0.042575461203566034,0.09969046856654926,0.8940529735132434
XLM-R,Validity,20,42,0.7156421789105447,0.44845147100977323,0.6786454835267066,0.7091454272863568,0.3854668608548411,0.6499274217979288,0.06298461015493212,0.20023481694951437,0.975512243878061
XLM-R,Validity,20,43,0.7156421789105447,0.44845147100977323,0.6786454835267066,0.7096451774112944,0.38556327698046305,0.6501598691682288,0.06288819402931017,0.20087522681182624,0.984007996001999
XLM-R,Validity,20,44,0.7156421789105447,0.44845147100977323,0.6786454835267066,0.7006496751624188,0.3836002789390279,0.6417434254346611,0.0648511920707453,0.19966556373857047,0.9780109945027486
XLM-R,Validity,20,45,0.7156421789105447,0.44845147100977323,0.6786454835267066,0.6996501749125438,0.3579053900557972,0.6349440250979558,0.09054608095397604,0.20080407016045826,0.9770114942528736
XLM-R,Validity,20,46,0.7156421789105447,0.44845147100977323,0.6786454835267066,0.7061469265367316,0.3894956781313065,0.6475125992738209,0.05895579287846675,0.20023481694951437,0.9800099950024987
XLM-R,Validity,30,42,0.7156421789105447,0.44845147100977323,0.6786454835267066,0.6951524237881059,0.3449289466760333,0.6266736074031353,0.10352252433373993,0.29974739388764365,0.9900049975012494
XLM-R,Validity,30,43,0.7156421789105447,0.44845147100977323,0.6786454835267066,0.7001499250374813,0.36502264446380733,0.635588318969814,0.0834288265459659,0.2999608638417476,0.9890054972513743
XLM-R,Validity,30,44,0.7156421789105447,0.44845147100977323,0.6786454835267066,0.696151924037981,0.34577674370592293,0.6271603333653725,0.1026747273038503,0.2998897071903796,0.9905047476261869
XLM-R,Validity,30,45,0.7156421789105447,0.44845147100977323,0.6786454835267066,0.6991504247876063,0.3550592661190854,0.6318171220045843,0.09339220489068784,0.2995695022592237,0.9905047476261869
XLM-R,Validity,30,46,0.7156421789105447,0.44845147100977323,0.6786454835267066,0.6956521739130435,0.34902036860905106,0.6297732549131985,0.09943110240072217,0.29793289927776,0.9895052473763118
XLM-R,Understandability,10,42,0.7156421789105447,0.44845147100977323,0.6786454835267066,0.7141429285357321,0.46092646485216116,0.6831844771599794,-0.012474993842387927,0.0978759739566656,0.6746626686656672
XLM-R,Understandability,10,43,0.7156421789105447,0.44845147100977323,0.6786454835267066,0.7136431784107946,0.45382198995618,0.680778587817912,-0.005370518946406777,0.09673746753477781,0.6696651674162919
XLM-R,Understandability,10,44,0.7156421789105447,0.44845147100977323,0.6786454835267066,0.7091454272863568,0.4513846663054262,0.6780258613395606,-0.002933195295652946,0.09862311879602946,0.6816591704147926
XLM-R,Understandability,10,45,0.7156421789105447,0.44845147100977323,0.6786454835267066,0.7131434282858571,0.45696367574052876,0.6816139090266534,-0.008512204730755535,0.09883658875013342,0.6836581709145427
XLM-R,Understandability,10,46,0.7156421789105447,0.44845147100977323,0.6786454835267066,0.7056471764117941,0.4413630538676487,0.6720980705022059,0.007088417142124548,0.09876543209876543,0.6831584207896052
XLM-R,Understandability,20,42,0.7156421789105447,0.44845147100977323,0.6786454835267066,0.7146426786606697,0.4659535768965448,0.6844633013947542,-0.01750210588677159,0.16771622727434446,0.9050474762618691
XLM-R,Understandability,20,43,0.7156421789105447,0.44845147100977323,0.6786454835267066,0.7096451774112944,0.44519381013182624,0.677499853447223,0.0032576608779469884,0.16728928736613655,0.8975512243878061
XLM-R,Understandability,20,44,0.7156421789105447,0.44845147100977323,0.6786454835267066,0.7096451774112944,0.4549488871879786,0.6796367483960958,-0.006497416178205373,0.16739602234318854,0.896551724137931
XLM-R,Understandability,20,45,0.7156421789105447,0.44845147100977323,0.6786454835267066,0.7166416791604198,0.47611098613064196,0.6892504901828711,-0.027659515120868727,0.1691749386273882,0.8990504747626187
XLM-R,Understandability,20,46,0.7156421789105447,0.44845147100977323,0.6786454835267066,0.7106446776611695,0.4579051686410578,0.6814159157920793,-0.009453697631284563,0.16824990215960436,0.8930534732633684
XLM-R,Understandability,30,42,0.7156421789105447,0.44845147100977323,0.6786454835267066,0.7081459270364817,0.4593810266956697,0.682293686760364,-0.010929555685896486,0.24961753299889708,0.9610194902548725
XLM-R,Understandability,30,43,0.7156421789105447,0.44845147100977323,0.6786454835267066,0.7106446776611695,0.4688637842518631,0.685492850137677,-0.020412313242089863,0.2493684847191091,0.9585207396301849
XLM-R,Understandability,30,44,0.7156421789105447,0.44845147100977323,0.6786454835267066,0.7011494252873564,0.45320748883844786,0.6754884851434947,-0.00475601782867463,0.24869249653111325,0.9535232383808095
XLM-R,Understandability,30,45,0.7156421789105447,0.44845147100977323,0.6786454835267066,0.7096451774112944,0.4628021139006719,0.6823706954745723,-0.014350642890898657,0.24858576155406126,0.953023488255872
XLM-R,Understandability,30,46,0.7156421789105447,0.44845147100977323,0.6786454835267066,0.6991504247876063,0.44981154858587274,0.6728043256608921,-0.0013600775760995165,0.2507204610951009,0.9565217391304348
