Model,Dimension,Severity_Percent,Clean_Accuracy,Clean_Macro_F1,Accuracy_Mean,Accuracy_SD,Macro_F1_Mean,Macro_F1_SD,Delta_F1_Mean,Delta_F1_SD,Realized_Rate_Mean,Changed_Instance_Rate_Mean,N_Runs
AraBERTv2,Completeness,10,74.4127936031984,58.54499610060613,73.49325337331335,0.5748212747430547,55.910467931162756,1.0240830566645966,2.6345281694433798,1.0240830566645949,10.010317714448359,90.07496251874063,5
AraBERTv2,Completeness,20,74.4127936031984,58.54499610060613,72.54372813593204,0.5004991887478016,53.82827091076121,1.0376172818948985,4.716725189844908,1.0376172818948954,19.972248905966485,97.67116441779112,5
AraBERTv2,Completeness,30,74.4127936031984,58.54499610060613,72.1639180409795,0.5451630242196797,52.29150827952469,0.8007859868987475,6.253487821081441,0.8007859868987461,30.002490482797878,98.98050974512745,5
AraBERTv2,Consistency,10,74.4127936031984,58.54499610060613,73.7631184407796,0.2914018937953666,57.09202285920332,0.540515733029493,1.452973241402804,0.5405157330294946,10.020040080160323,92.03398300849574,5
AraBERTv2,Consistency,20,74.4127936031984,58.54499610060613,73.69315342328836,0.3733103327732763,56.19837531209987,0.8235527181870026,2.346620788506264,0.8235527181870022,20.04243781681009,98.06096951524236,5
AraBERTv2,Consistency,30,74.4127936031984,58.54499610060613,72.94352823588206,0.5295936748321431,54.10111892812689,1.105846664378232,4.4438771724792385,1.1058466643782363,29.98231757632913,98.99050474762619,5
AraBERTv2,Textual Accuracy,10,74.4127936031984,58.54499610060613,73.6031984007996,0.7062231405073295,57.14936806912432,1.5457250078165907,1.3956280314818104,1.5457250078165907,9.977493074792243,84.8575712143928,5
AraBERTv2,Textual Accuracy,20,74.4127936031984,58.54499610060613,72.56371814092954,0.8655926074806981,55.42566226397832,1.1939269272110236,3.119333836627818,1.1939269272110233,19.988746537396125,95.88205897051473,5
AraBERTv2,Textual Accuracy,30,74.4127936031984,58.54499610060613,72.15392303848076,0.34333961094088544,54.222708051759305,0.5758999325034898,4.322288048846821,0.57589993250349,30.013850415512465,97.80109945027486,5
AraBERTv2,Understandability,10,74.4127936031984,58.54499610060613,73.49325337331335,0.21954905183896475,56.864292200666654,0.49691675034571786,1.680703899939473,0.4969167503457192,9.816771622727433,67.856071964018,5
AraBERTv2,Understandability,20,74.4127936031984,58.54499610060613,73.39330334832583,0.49925012468734176,56.54852344221428,0.8239864377416553,1.9964726583918457,0.8239864377416558,16.796527555413242,89.82508745627186,5
AraBERTv2,Understandability,30,74.4127936031984,58.54499610060613,72.5737131434283,0.7305587932675537,54.7624236142614,1.1152577773852985,3.7825724863447334,1.1152577773852996,24.93969473796563,95.65217391304348,5
AraBERTv2,Validity,10,74.4127936031984,58.54499610060613,74.55272363818091,0.47986422325468336,55.90962264354397,0.9487927494127066,2.6353734570621623,0.9487927494127062,9.969758423168605,90.01499250374813,5
AraBERTv2,Validity,20,74.4127936031984,58.54499610060613,74.4127936031984,0.39666436447744924,53.26599107464405,0.8664809118618882,5.279005025962071,0.8664809118618901,20.036289892197672,97.89105447276363,5
AraBERTv2,Validity,30,74.4127936031984,58.54499610060613,73.90304847576212,0.3322492781328268,50.89454113068206,0.7468963913946615,7.650454969924068,0.7468963913946611,29.94200732913509,98.99050474762619,5
CAMeLBERT-Mix,Completeness,10,74.2128935532234,57.30662268364119,73.21339330334833,0.17668835112107442,54.52496815749706,0.23409329790076402,2.7816545261441328,0.2340932979007646,10.010317714448359,90.07496251874063,5
CAMeLBERT-Mix,Completeness,20,74.2128935532234,57.30662268364119,72.28385807096453,0.5638545810122245,52.43846375126022,1.2205343122344292,4.868158932380959,1.220534312234423,19.972248905966485,97.67116441779112,5
CAMeLBERT-Mix,Completeness,30,74.2128935532234,57.30662268364119,71.63418290854572,0.7383797525933358,49.962120476161054,1.3805713941510338,7.34450220748013,1.380571394151034,30.002490482797878,98.98050974512745,5
CAMeLBERT-Mix,Consistency,10,74.2128935532234,57.30662268364119,73.24337831084458,0.16423464992658526,55.94512204570747,0.4632468498039766,1.3615006379337125,0.46324684980397796,10.020040080160323,92.03398300849574,5
CAMeLBERT-Mix,Consistency,20,74.2128935532234,57.30662268364119,72.6136931534233,0.48064427940208004,55.01577107020651,0.8615421747107017,2.29085161343467,0.8615421747107006,20.04243781681009,98.06096951524236,5
CAMeLBERT-Mix,Consistency,30,74.2128935532234,57.30662268364119,72.33383308345826,0.4682741339379283,54.098321965765365,0.8794446280905646,3.2083007178758187,0.8794446280905653,29.98231757632913,98.99050474762619,5
CAMeLBERT-Mix,Textual Accuracy,10,74.2128935532234,57.30662268364119,73.06346826586706,0.3854884712778985,55.935585422504396,0.9186215967160325,1.3710372611367805,0.9186215967160359,9.977493074792243,84.8575712143928,5
CAMeLBERT-Mix,Textual Accuracy,20,74.2128935532234,57.30662268364119,72.24387806096951,0.8078349086360913,54.79509662036068,1.0959984150563555,2.5115260632805025,1.0959984150563575,19.988746537396125,95.88205897051473,5
CAMeLBERT-Mix,Textual Accuracy,30,74.2128935532234,57.30662268364119,70.50474762618691,0.7356688494436878,53.04280679214342,1.0456088768167988,4.2638158914977575,1.0456088768167981,30.013850415512465,97.80109945027486,5
CAMeLBERT-Mix,Understandability,10,74.2128935532234,57.30662268364119,73.6631684157921,0.3903173251327644,56.194121604906364,0.7491270604838413,1.11250107873482,0.7491270604838383,9.816771622727433,67.856071964018,5
CAMeLBERT-Mix,Understandability,20,74.2128935532234,57.30662268364119,73.09345327336332,0.33635819431212033,55.73152303224408,0.9055464751872513,1.575099651397103,0.9055464751872528,16.796527555413242,89.82508745627186,5
CAMeLBERT-Mix,Understandability,30,74.2128935532234,57.30662268364119,73.32333833083459,0.4290290061236329,55.82286868430797,0.5588224738600925,1.4837539993332216,0.5588224738600921,24.93969473796563,95.65217391304348,5
CAMeLBERT-Mix,Validity,10,74.2128935532234,57.30662268364119,73.71314342828586,0.5096471277953795,51.29234997242044,1.045518352934388,6.01427271122074,1.0455183529343892,9.969758423168605,90.01499250374813,5
CAMeLBERT-Mix,Validity,20,74.2128935532234,57.30662268364119,72.90354822588705,0.21610942839020653,46.80225385970323,0.5951313396031804,10.504368823937963,0.5951313396031808,20.036289892197672,97.89105447276363,5
CAMeLBERT-Mix,Validity,30,74.2128935532234,57.30662268364119,71.85407296351823,0.16347253606992818,42.09907580583561,0.5112359697840807,15.207546877805575,0.5112359697840806,29.94200732913509,98.99050474762619,5
XLM-R,Completeness,10,71.56421789105447,44.84514710097732,70.85457271364317,0.2354666464645663,43.32735692909059,0.5658212339046955,1.517790171886736,0.5658212339046964,10.010317714448359,90.07496251874063,5
XLM-R,Completeness,20,71.56421789105447,44.84514710097732,70.40479760119939,0.16724838111625479,42.291726358176454,0.9866918317608115,2.5534207428008715,0.98669183176081,19.972248905966485,97.67116441779112,5
XLM-R,Completeness,30,71.56421789105447,44.84514710097732,69.74512743628185,0.28402343305113187,40.67598677704664,0.8368789458199728,4.169160323930686,0.8368789458199741,30.002490482797878,98.98050974512745,5
XLM-R,Consistency,10,71.56421789105447,44.84514710097732,71.1544227886057,0.42464059542724625,44.200561959753124,1.1185741328381877,0.6445851412241976,1.1185741328381869,10.020040080160323,92.03398300849574,5
XLM-R,Consistency,20,71.56421789105447,44.84514710097732,70.4247876061969,0.13867503173924361,42.77077391092881,0.14239431587730764,2.074373190048513,0.14239431587730683,20.04243781681009,98.06096951524236,5
XLM-R,Consistency,30,71.56421789105447,44.84514710097732,70.17491254372814,0.21320068973215153,41.781968371290304,0.8823791393493796,3.063178729687015,0.8823791393493787,29.98231757632913,98.99050474762619,5
XLM-R,Textual Accuracy,10,71.56421789105447,44.84514710097732,70.94452773613193,0.6396020691964464,44.20600853838173,0.9778787884849064,0.6391385625955914,0.9778787884849064,9.977493074792243,84.8575712143928,5
XLM-R,Textual Accuracy,20,71.56421789105447,44.84514710097732,70.03498250874563,0.4929573331597277,43.10524354386686,0.9013866902852832,1.7399035571104626,0.901386690285284,19.988746537396125,95.88205897051473,5
XLM-R,Textual Accuracy,30,71.56421789105447,44.84514710097732,69.85507246376812,0.4319298438047385,42.74142131835593,1.0129023735983937,2.1037257826213898,1.012902373598394,30.013850415512465,97.80109945027486,5
XLM-R,Understandability,10,71.56421789105447,44.84514710097732,71.1144427786107,0.3655357031066407,45.2891970144389,0.7368593894024439,-0.4440499134615727,0.7368593894024462,9.816771622727433,67.856071964018,5
XLM-R,Understandability,20,71.56421789105447,44.84514710097732,71.22438780609694,0.32077574284619764,46.00224857976099,1.166331579551806,-1.1571014787836653,1.166331579551806,16.796527555413242,89.82508745627186,5
XLM-R,Understandability,30,71.56421789105447,44.84514710097732,70.57471264367817,0.5234271253483694,45.881319245450506,0.7577958677556423,-1.036172144473183,0.757795867755644,24.93969473796563,95.65217391304348,5
XLM-R,Validity,10,71.56421789105447,44.84514710097732,70.86456771614193,0.2914018937953681,40.66584950857602,0.6314258436639806,4.179297592401308,0.63142584366398,9.969758423168605,90.01499250374813,5
XLM-R,Validity,20,71.56421789105447,44.84514710097732,70.50474762618691,0.4680073870441971,38.04062969922871,1.2760416650098878,6.804517401748608,1.2760416650098874,20.036289892197672,97.89105447276363,5
XLM-R,Validity,30,71.56421789105447,44.84514710097732,69.72513743128437,0.2246097456696121,35.196159391478,0.8314865003703976,9.648987709499321,0.831486500370398,29.94200732913509,98.99050474762619,5
