Model,Dimension,Severity_Percent,Perturbation_Seed,Clean_Accuracy,Clean_Macro_F1,Perturbed_Accuracy,Perturbed_Macro_F1,Delta_F1,Realized_Rate,Changed_Instance_Rate
AraBERTv2,Textual Accuracy,10,42,0.719,0.36594944798961,0.7156666666666667,0.36996003726015253,-0.004010589270542542,0.0996660088052224,0.8226666666666667
AraBERTv2,Textual Accuracy,10,43,0.719,0.36594944798961,0.7136666666666667,0.36712814805607763,-0.0011787000664676417,0.10027326552299985,0.8256666666666667
AraBERTv2,Textual Accuracy,10,44,0.719,0.36594944798961,0.7186666666666667,0.3745794327276125,-0.008629984738002527,0.09913465917716714,0.8233333333333334
AraBERTv2,Textual Accuracy,10,45,0.719,0.36594944798961,0.7163333333333334,0.36811935842058585,-0.0021699104309758632,0.1006021962451293,0.8293333333333334
AraBERTv2,Textual Accuracy,10,46,0.719,0.36594944798961,0.7126666666666667,0.3664248600527916,-0.000475412063181635,0.09959010171550023,0.8166666666666667
AraBERTv2,Textual Accuracy,20,42,0.719,0.36594944798961,0.7123333333333334,0.36570329439839455,0.0002461535912154367,0.20006578614442588,0.923
AraBERTv2,Textual Accuracy,20,43,0.719,0.36594944798961,0.7173333333333334,0.3845378939870726,-0.01858844599746262,0.20014169323414807,0.9266666666666666
AraBERTv2,Textual Accuracy,20,44,0.719,0.36594944798961,0.7123333333333334,0.3719864079229125,-0.006036959933302499,0.2000910885076666,0.9226666666666666
AraBERTv2,Textual Accuracy,20,45,0.719,0.36594944798961,0.7203333333333334,0.3783399698808103,-0.012390521891200323,0.20021760032387026,0.9266666666666666
AraBERTv2,Textual Accuracy,20,46,0.719,0.36594944798961,0.7156666666666667,0.3777674448415056,-0.011817996851895607,0.19943322706340771,0.918
AraBERTv2,Textual Accuracy,30,42,0.719,0.36594944798961,0.7173333333333334,0.370307929139745,-0.004358481150134985,0.30046556348362935,0.961
AraBERTv2,Textual Accuracy,30,43,0.719,0.36594944798961,0.7173333333333334,0.3760391772836914,-0.010089729294081418,0.30013663276149993,0.9563333333333334
AraBERTv2,Textual Accuracy,30,44,0.719,0.36594944798961,0.7143333333333334,0.36908246903357145,-0.003133021043961459,0.3004149587571479,0.9586666666666667
AraBERTv2,Textual Accuracy,30,45,0.719,0.36594944798961,0.719,0.38464721881005604,-0.018697770820446047,0.2992763524113152,0.9546666666666667
AraBERTv2,Textual Accuracy,30,46,0.719,0.36594944798961,0.7126666666666667,0.3670585038346134,-0.001109055845003426,0.3002884469409443,0.9566666666666667
AraBERTv2,Completeness,10,42,0.719,0.36594944798961,0.721,0.37598928221775485,-0.010039834228144862,0.10071999367038531,0.8826666666666667
AraBERTv2,Completeness,10,43,0.719,0.36594944798961,0.7153333333333334,0.36832077284403886,-0.002371324854428869,0.10032439275259118,0.8773333333333333
AraBERTv2,Completeness,10,44,0.719,0.36594944798961,0.7163333333333334,0.354549400765619,0.011400047223990961,0.09949363082522351,0.867
AraBERTv2,Completeness,10,45,0.719,0.36594944798961,0.719,0.37043057812286906,-0.00448113013325907,0.09929583036632644,0.8736666666666667
AraBERTv2,Completeness,10,46,0.719,0.36594944798961,0.7156666666666667,0.359443842845541,0.006505605144069004,0.10010681224780442,0.87
AraBERTv2,Completeness,20,42,0.719,0.36594944798961,0.717,0.370730168296306,-0.004780720306696018,0.19975868344014558,0.9513333333333334
AraBERTv2,Completeness,20,43,0.719,0.36594944798961,0.7173333333333334,0.36139366946874407,0.004555778520865916,0.20021362449560884,0.9606666666666667
AraBERTv2,Completeness,20,44,0.719,0.36594944798961,0.722,0.3587382499791764,0.007211198010433573,0.2001147242661603,0.9556666666666667
AraBERTv2,Completeness,20,45,0.719,0.36594944798961,0.7136666666666667,0.35225446442784475,0.01369498356176524,0.19960044307302793,0.95
AraBERTv2,Completeness,20,46,0.719,0.36594944798961,0.7246666666666667,0.37117706024192076,-0.005227612252310776,0.20031252472505737,0.9526666666666667
AraBERTv2,Completeness,30,42,0.719,0.36594944798961,0.7173333333333334,0.3598750732862479,0.006074374703362084,0.2997665954585015,0.9763333333333334
AraBERTv2,Completeness,30,43,0.719,0.36594944798961,0.7236666666666667,0.36712534909549754,-0.0011759011058875557,0.3001424163304059,0.9796666666666667
AraBERTv2,Completeness,30,44,0.719,0.36594944798961,0.7193333333333334,0.35118335662381756,0.014766091365792433,0.30002373605506766,0.9783333333333334
AraBERTv2,Completeness,30,45,0.719,0.36594944798961,0.7213333333333334,0.35920006725373865,0.006749380735871335,0.30035999683519266,0.9713333333333334
AraBERTv2,Completeness,30,46,0.719,0.36594944798961,0.7236666666666667,0.3639082815941466,0.0020411663954633674,0.29968747527494266,0.975
AraBERTv2,Consistency,10,42,0.719,0.36594944798961,0.7166666666666667,0.3655465350174814,0.00040291297212857735,0.10024948171053094,0.887
AraBERTv2,Consistency,10,43,0.719,0.36594944798961,0.7213333333333334,0.3727367122028368,-0.006787264213226785,0.09937102498330933,0.885
AraBERTv2,Consistency,10,44,0.719,0.36594944798961,0.7263333333333334,0.3826188140845729,-0.01666936609496289,0.10061843353596402,0.8946666666666667
AraBERTv2,Consistency,10,45,0.719,0.36594944798961,0.7216666666666667,0.3727057859715147,-0.006756337981904725,0.09988052988509787,0.8856666666666667
AraBERTv2,Consistency,10,46,0.719,0.36594944798961,0.7223333333333334,0.38016681068778035,-0.014217362698170366,0.10005622123054218,0.89
AraBERTv2,Consistency,20,42,0.719,0.36594944798961,0.7263333333333334,0.36415845169081373,0.0017909962987962547,0.20028813380652868,0.957
AraBERTv2,Consistency,20,43,0.719,0.36594944798961,0.7223333333333334,0.37149243147777183,-0.005542983488161846,0.2001300115956288,0.9586666666666667
AraBERTv2,Consistency,20,44,0.719,0.36594944798961,0.7176666666666667,0.3647529677908926,0.0011964801987173757,0.20005973505745106,0.9516666666666667
AraBERTv2,Consistency,20,45,0.719,0.36594944798961,0.721,0.37061892359032633,-0.004669475600716344,0.19998945851927333,0.953
AraBERTv2,Consistency,20,46,0.719,0.36594944798961,0.7216666666666667,0.36895721586175767,-0.003007767872147682,0.19923398573386275,0.9503333333333334
AraBERTv2,Consistency,30,42,0.719,0.36594944798961,0.729,0.3704529311386608,-0.004503483149050802,0.29995783407709337,0.9753333333333334
AraBERTv2,Consistency,30,43,0.719,0.36594944798961,0.7256666666666667,0.36816949192308335,-0.002220043933473359,0.30001054148072664,0.972
AraBERTv2,Consistency,30,44,0.719,0.36594944798961,0.7186666666666667,0.354284535012982,0.011664912976627972,0.3007484451315928,0.9743333333333334
AraBERTv2,Consistency,30,45,0.719,0.36594944798961,0.7293333333333333,0.371920890142422,-0.005971442152812034,0.29995783407709337,0.972
AraBERTv2,Consistency,30,46,0.719,0.36594944798961,0.722,0.35947564045721586,0.006473807532394127,0.29995783407709337,0.9736666666666667
AraBERTv2,Validity,10,42,0.719,0.36594944798961,0.7253333333333334,0.39587795630375994,-0.02992850831414995,0.10077933380805444,0.8813333333333333
AraBERTv2,Validity,10,43,0.719,0.36594944798961,0.7226666666666667,0.37262016046782936,-0.006670712478219376,0.10032439275259118,0.8776666666666667
AraBERTv2,Validity,10,44,0.719,0.36594944798961,0.725,0.3895269366506954,-0.02357748866108539,0.09998813197246617,0.8783333333333333
AraBERTv2,Validity,10,45,0.719,0.36594944798961,0.724,0.3811791919976736,-0.015229744008063595,0.09992879183479705,0.875
AraBERTv2,Validity,10,46,0.719,0.36594944798961,0.7296666666666667,0.3841135727605277,-0.018164124770917722,0.10056175330326766,0.8726666666666667
AraBERTv2,Validity,20,42,0.719,0.36594944798961,0.73,0.3880701973807703,-0.02212074939116032,0.1998180235778147,0.9583333333333334
AraBERTv2,Validity,20,43,0.719,0.36594944798961,0.725,0.38879845850810835,-0.02284901051849836,0.2001147242661603,0.9556666666666667
AraBERTv2,Validity,20,44,0.719,0.36594944798961,0.7266666666666667,0.3827054971487356,-0.016756049159125597,0.19916528206345438,0.9536666666666667
AraBERTv2,Validity,20,45,0.719,0.36594944798961,0.73,0.3889693387997412,-0.023019890810131227,0.1998378036237044,0.9556666666666667
AraBERTv2,Validity,20,46,0.719,0.36594944798961,0.7263333333333334,0.38628537286045816,-0.020335924870848177,0.19938286256824117,0.9516666666666667
AraBERTv2,Validity,30,42,0.719,0.36594944798961,0.7333333333333333,0.39144341656817766,-0.02549396857856767,0.3001621963762956,0.9773333333333334
AraBERTv2,Validity,30,43,0.719,0.36594944798961,0.7316666666666667,0.3834377186687458,-0.01748827067913583,0.29958857504549413,0.9773333333333334
AraBERTv2,Validity,30,44,0.719,0.36594944798961,0.7346666666666667,0.39129416465102934,-0.025344716661419353,0.3001226362845162,0.9793333333333333
AraBERTv2,Validity,30,45,0.719,0.36594944798961,0.7343333333333333,0.3903668709429297,-0.024417422953319723,0.30061713743175883,0.98
AraBERTv2,Validity,30,46,0.719,0.36594944798961,0.7306666666666667,0.3857260774024148,-0.019776629412804836,0.30004351610095736,0.977
AraBERTv2,Understandability,10,42,0.719,0.36594944798961,0.7173333333333334,0.3741363711268247,-0.008186923137214697,0.10064087348682649,0.717
AraBERTv2,Understandability,10,43,0.719,0.36594944798961,0.7146666666666667,0.3668140414914214,-0.0008645935018113948,0.09874198908141467,0.7016666666666667
AraBERTv2,Understandability,10,44,0.719,0.36594944798961,0.716,0.37097496904096505,-0.005025521051355064,0.10083867394572356,0.7143333333333334
AraBERTv2,Understandability,10,45,0.719,0.36594944798961,0.7153333333333334,0.3654881258420173,0.00046132214759270207,0.09941451064166469,0.7086666666666667
AraBERTv2,Understandability,10,46,0.719,0.36594944798961,0.718,0.36987354387262983,-0.00392409588301984,0.10008703220191471,0.713
AraBERTv2,Understandability,20,42,0.719,0.36594944798961,0.7186666666666667,0.38012072497281874,-0.014171276983208747,0.1998180235778147,0.8766666666666667
AraBERTv2,Understandability,20,43,0.719,0.36594944798961,0.7176666666666667,0.3789945880376576,-0.013045140048047632,0.19930374238468232,0.8686666666666667
AraBERTv2,Understandability,20,44,0.719,0.36594944798961,0.7143333333333334,0.3775857857624626,-0.011636337772852612,0.20064878550518236,0.879
AraBERTv2,Understandability,20,45,0.719,0.36594944798961,0.716,0.3736757164464141,-0.007726268456804131,0.19960044307302793,0.8743333333333333
AraBERTv2,Understandability,20,46,0.719,0.36594944798961,0.719,0.3734452461091258,-0.007495798119515784,0.20049054513806472,0.874
AraBERTv2,Understandability,30,42,0.719,0.36594944798961,0.7086666666666667,0.37187023083168214,-0.0059207828420721476,0.29943033467837643,0.9206666666666666
AraBERTv2,Understandability,30,43,0.719,0.36594944798961,0.7143333333333334,0.372819707552187,-0.00687025956257703,0.2997863755043912,0.9273333333333333
AraBERTv2,Understandability,30,44,0.719,0.36594944798961,0.7146666666666667,0.3734956645095734,-0.0075462165199634,0.299390774586597,0.9256666666666666
AraBERTv2,Understandability,30,45,0.719,0.36594944798961,0.7116666666666667,0.37656668108155256,-0.010617233091942568,0.29915341403592055,0.927
AraBERTv2,Understandability,30,46,0.719,0.36594944798961,0.708,0.3637983125901874,0.002151135399422577,0.2997665954585015,0.929
CAMeLBERT-Mix,Textual Accuracy,10,42,0.728,0.3523508000686687,0.723,0.34742307103005365,0.004927729038615047,0.0996660088052224,0.8226666666666667
CAMeLBERT-Mix,Textual Accuracy,10,43,0.728,0.3523508000686687,0.7193333333333334,0.3549344280343287,-0.0025836279656599737,0.10027326552299985,0.8256666666666667
CAMeLBERT-Mix,Textual Accuracy,10,44,0.728,0.3523508000686687,0.7213333333333334,0.3578399145424215,-0.005489114473752776,0.09913465917716714,0.8233333333333334
CAMeLBERT-Mix,Textual Accuracy,10,45,0.728,0.3523508000686687,0.724,0.3544864819811978,-0.0021356819125291082,0.1006021962451293,0.8293333333333334
CAMeLBERT-Mix,Textual Accuracy,10,46,0.728,0.3523508000686687,0.7226666666666667,0.348785033986851,0.0035657660818176895,0.09959010171550023,0.8166666666666667
CAMeLBERT-Mix,Textual Accuracy,20,42,0.728,0.3523508000686687,0.7226666666666667,0.355276106680455,-0.0029253066117863047,0.20006578614442588,0.923
CAMeLBERT-Mix,Textual Accuracy,20,43,0.728,0.3523508000686687,0.7223333333333334,0.36320572427100856,-0.010854924202339855,0.20014169323414807,0.9266666666666666
CAMeLBERT-Mix,Textual Accuracy,20,44,0.728,0.3523508000686687,0.7183333333333334,0.35041787686710063,0.0019329232015680708,0.2000910885076666,0.9226666666666666
CAMeLBERT-Mix,Textual Accuracy,20,45,0.728,0.3523508000686687,0.7173333333333334,0.3464351173267901,0.005915682741878592,0.20021760032387026,0.9266666666666666
CAMeLBERT-Mix,Textual Accuracy,20,46,0.728,0.3523508000686687,0.721,0.3507041230643142,0.001646677004354502,0.19943322706340771,0.918
CAMeLBERT-Mix,Textual Accuracy,30,42,0.728,0.3523508000686687,0.7153333333333334,0.35610759071257486,-0.0037567906439061605,0.30046556348362935,0.961
CAMeLBERT-Mix,Textual Accuracy,30,43,0.728,0.3523508000686687,0.714,0.34212836613734515,0.010222433931323549,0.30013663276149993,0.9563333333333334
CAMeLBERT-Mix,Textual Accuracy,30,44,0.728,0.3523508000686687,0.7146666666666667,0.36387879507088555,-0.011527995002216851,0.3004149587571479,0.9586666666666667
CAMeLBERT-Mix,Textual Accuracy,30,45,0.728,0.3523508000686687,0.7156666666666667,0.34720177492706056,0.005149025141608143,0.2992763524113152,0.9546666666666667
CAMeLBERT-Mix,Textual Accuracy,30,46,0.728,0.3523508000686687,0.7263333333333334,0.3570647049666983,-0.004713904898029586,0.3002884469409443,0.9566666666666667
CAMeLBERT-Mix,Completeness,10,42,0.728,0.3523508000686687,0.7223333333333334,0.3602069970821168,-0.007856197013448085,0.10071999367038531,0.8826666666666667
CAMeLBERT-Mix,Completeness,10,43,0.728,0.3523508000686687,0.729,0.3572863038939403,-0.004935503825271581,0.10032439275259118,0.8773333333333333
CAMeLBERT-Mix,Completeness,10,44,0.728,0.3523508000686687,0.7246666666666667,0.35646845234013214,-0.0041176522714634345,0.09949363082522351,0.867
CAMeLBERT-Mix,Completeness,10,45,0.728,0.3523508000686687,0.724,0.34855864083934257,0.003792159229326131,0.09929583036632644,0.8736666666666667
CAMeLBERT-Mix,Completeness,10,46,0.728,0.3523508000686687,0.717,0.3528090224513033,-0.0004582223826345988,0.10010681224780442,0.87
CAMeLBERT-Mix,Completeness,20,42,0.728,0.3523508000686687,0.722,0.3602021572883112,-0.007851357219642474,0.19975868344014558,0.9513333333333334
CAMeLBERT-Mix,Completeness,20,43,0.728,0.3523508000686687,0.716,0.3341714975543065,0.018179302514362228,0.20021362449560884,0.9606666666666667
CAMeLBERT-Mix,Completeness,20,44,0.728,0.3523508000686687,0.7196666666666667,0.34806576586101967,0.00428503420764903,0.2001147242661603,0.9556666666666667
CAMeLBERT-Mix,Completeness,20,45,0.728,0.3523508000686687,0.719,0.3525230129362936,-0.00017221286762492127,0.19960044307302793,0.95
CAMeLBERT-Mix,Completeness,20,46,0.728,0.3523508000686687,0.7223333333333334,0.3538748178389948,-0.0015240177703261248,0.20031252472505737,0.9526666666666667
CAMeLBERT-Mix,Completeness,30,42,0.728,0.3523508000686687,0.7186666666666667,0.3463909249017988,0.00595987516686991,0.2997665954585015,0.9763333333333334
CAMeLBERT-Mix,Completeness,30,43,0.728,0.3523508000686687,0.7116666666666667,0.3355841679673074,0.016766632101361312,0.3001424163304059,0.9796666666666667
CAMeLBERT-Mix,Completeness,30,44,0.728,0.3523508000686687,0.7206666666666667,0.3491882027182588,0.0031625973504099125,0.30002373605506766,0.9783333333333334
CAMeLBERT-Mix,Completeness,30,45,0.728,0.3523508000686687,0.7163333333333334,0.3426423782802629,0.009708421788405808,0.30035999683519266,0.9713333333333334
CAMeLBERT-Mix,Completeness,30,46,0.728,0.3523508000686687,0.711,0.3286637663916766,0.023687033676992097,0.29968747527494266,0.975
CAMeLBERT-Mix,Consistency,10,42,0.728,0.3523508000686687,0.722,0.3596858488306018,-0.007335048761933083,0.10024948171053094,0.887
CAMeLBERT-Mix,Consistency,10,43,0.728,0.3523508000686687,0.726,0.3603818057336169,-0.008031005664948188,0.09937102498330933,0.885
CAMeLBERT-Mix,Consistency,10,44,0.728,0.3523508000686687,0.728,0.3519020092023968,0.0004487908662719198,0.10061843353596402,0.8946666666666667
CAMeLBERT-Mix,Consistency,10,45,0.728,0.3523508000686687,0.7233333333333334,0.35209888819633617,0.0002519118723325331,0.09988052988509787,0.8856666666666667
CAMeLBERT-Mix,Consistency,10,46,0.728,0.3523508000686687,0.725,0.3454176616823441,0.006933138386324589,0.10005622123054218,0.89
CAMeLBERT-Mix,Consistency,20,42,0.728,0.3523508000686687,0.7226666666666667,0.3494821557508205,0.0028686443178482235,0.20028813380652868,0.957
CAMeLBERT-Mix,Consistency,20,43,0.728,0.3523508000686687,0.7163333333333334,0.33694636899977476,0.015404431068893942,0.2001300115956288,0.9586666666666667
CAMeLBERT-Mix,Consistency,20,44,0.728,0.3523508000686687,0.724,0.3571975613492276,-0.004846761280558887,0.20005973505745106,0.9516666666666667
CAMeLBERT-Mix,Consistency,20,45,0.728,0.3523508000686687,0.7186666666666667,0.350891991031894,0.0014588090367746998,0.19998945851927333,0.953
CAMeLBERT-Mix,Consistency,20,46,0.728,0.3523508000686687,0.7263333333333334,0.35161337625711175,0.0007374238115569476,0.19923398573386275,0.9503333333333334
CAMeLBERT-Mix,Consistency,30,42,0.728,0.3523508000686687,0.7156666666666667,0.3235795691578323,0.028771230910836387,0.29995783407709337,0.9753333333333334
CAMeLBERT-Mix,Consistency,30,43,0.728,0.3523508000686687,0.723,0.3496444056395202,0.0027063944291484954,0.30001054148072664,0.972
CAMeLBERT-Mix,Consistency,30,44,0.728,0.3523508000686687,0.7186666666666667,0.3390665392710853,0.01328426079758338,0.3007484451315928,0.9743333333333334
CAMeLBERT-Mix,Consistency,30,45,0.728,0.3523508000686687,0.7183333333333334,0.33105847389475695,0.021292326173911746,0.29995783407709337,0.972
CAMeLBERT-Mix,Consistency,30,46,0.728,0.3523508000686687,0.7216666666666667,0.33882528933603046,0.013525510732638246,0.29995783407709337,0.9736666666666667
CAMeLBERT-Mix,Validity,10,42,0.728,0.3523508000686687,0.7303333333333333,0.36958572752468327,-0.01723492745601457,0.10077933380805444,0.8813333333333333
CAMeLBERT-Mix,Validity,10,43,0.728,0.3523508000686687,0.727,0.34819988488775766,0.004150915180911041,0.10032439275259118,0.8776666666666667
CAMeLBERT-Mix,Validity,10,44,0.728,0.3523508000686687,0.7283333333333334,0.36262911893115546,-0.010278318862486757,0.09998813197246617,0.8783333333333333
CAMeLBERT-Mix,Validity,10,45,0.728,0.3523508000686687,0.727,0.3640456062959034,-0.011694806227234678,0.09992879183479705,0.875
CAMeLBERT-Mix,Validity,10,46,0.728,0.3523508000686687,0.7226666666666667,0.3551032192414919,-0.002752419172823206,0.10056175330326766,0.8726666666666667
CAMeLBERT-Mix,Validity,20,42,0.728,0.3523508000686687,0.7236666666666667,0.35647402256390476,-0.004123222495236056,0.1998180235778147,0.9583333333333334
CAMeLBERT-Mix,Validity,20,43,0.728,0.3523508000686687,0.7223333333333334,0.35720588597205455,-0.004855085903385847,0.2001147242661603,0.9556666666666667
CAMeLBERT-Mix,Validity,20,44,0.728,0.3523508000686687,0.7243333333333334,0.3627206182621331,-0.010369818193464386,0.19916528206345438,0.9536666666666667
CAMeLBERT-Mix,Validity,20,45,0.728,0.3523508000686687,0.72,0.3595933060170804,-0.007242505948411693,0.1998378036237044,0.9556666666666667
CAMeLBERT-Mix,Validity,20,46,0.728,0.3523508000686687,0.7276666666666667,0.3585439119635135,-0.006193111894844783,0.19938286256824117,0.9516666666666667
CAMeLBERT-Mix,Validity,30,42,0.728,0.3523508000686687,0.726,0.3511274922918684,0.0012233077768002976,0.3001621963762956,0.9773333333333334
CAMeLBERT-Mix,Validity,30,43,0.728,0.3523508000686687,0.7223333333333334,0.3706809894838095,-0.018330189415140807,0.29958857504549413,0.9773333333333334
CAMeLBERT-Mix,Validity,30,44,0.728,0.3523508000686687,0.721,0.3506461289490904,0.0017046711195782827,0.3001226362845162,0.9793333333333333
CAMeLBERT-Mix,Validity,30,45,0.728,0.3523508000686687,0.723,0.3635019967221589,-0.01115119665349018,0.30061713743175883,0.98
CAMeLBERT-Mix,Validity,30,46,0.728,0.3523508000686687,0.724,0.35878281581718074,-0.006432015748512043,0.30004351610095736,0.977
CAMeLBERT-Mix,Understandability,10,42,0.728,0.3523508000686687,0.723,0.3438267046007929,0.008524095467875803,0.10064087348682649,0.717
CAMeLBERT-Mix,Understandability,10,43,0.728,0.3523508000686687,0.7193333333333334,0.3483810360425486,0.003969764026120093,0.09874198908141467,0.7016666666666667
CAMeLBERT-Mix,Understandability,10,44,0.728,0.3523508000686687,0.722,0.35281833522806727,-0.0004675351593985688,0.10083867394572356,0.7143333333333334
CAMeLBERT-Mix,Understandability,10,45,0.728,0.3523508000686687,0.7223333333333334,0.3604799345750607,-0.008129134506392022,0.09941451064166469,0.7086666666666667
CAMeLBERT-Mix,Understandability,10,46,0.728,0.3523508000686687,0.726,0.35946116981734344,-0.007110369748674739,0.10008703220191471,0.713
CAMeLBERT-Mix,Understandability,20,42,0.728,0.3523508000686687,0.724,0.35664006077098287,-0.004289260702314168,0.1998180235778147,0.8766666666666667
CAMeLBERT-Mix,Understandability,20,43,0.728,0.3523508000686687,0.7226666666666667,0.3592672393792736,-0.006916439310604872,0.19930374238468232,0.8686666666666667
CAMeLBERT-Mix,Understandability,20,44,0.728,0.3523508000686687,0.718,0.35079946396890793,0.0015513360997607695,0.20064878550518236,0.879
CAMeLBERT-Mix,Understandability,20,45,0.728,0.3523508000686687,0.719,0.35031516563304416,0.002035634435624545,0.19960044307302793,0.8743333333333333
CAMeLBERT-Mix,Understandability,20,46,0.728,0.3523508000686687,0.7176666666666667,0.36506180776379404,-0.012711007695125343,0.20049054513806472,0.874
CAMeLBERT-Mix,Understandability,30,42,0.728,0.3523508000686687,0.7153333333333334,0.3445081825042605,0.007842617564408183,0.29943033467837643,0.9206666666666666
CAMeLBERT-Mix,Understandability,30,43,0.728,0.3523508000686687,0.7153333333333334,0.35920380556246134,-0.006853005493792641,0.2997863755043912,0.9273333333333333
CAMeLBERT-Mix,Understandability,30,44,0.728,0.3523508000686687,0.7206666666666667,0.36835763771744706,-0.01600683764877836,0.299390774586597,0.9256666666666666
CAMeLBERT-Mix,Understandability,30,45,0.728,0.3523508000686687,0.7163333333333334,0.35386508368349057,-0.0015142836148218652,0.29915341403592055,0.927
CAMeLBERT-Mix,Understandability,30,46,0.728,0.3523508000686687,0.718,0.34791007200221996,0.00444072806644874,0.2997665954585015,0.929
