Dimension,Severity,Realized_Rate_Mean,Realized_Rate_SD,Changed_Instance_Rate_Mean
Completeness,10.0,9.998813197246617,0.058876794311802004,87.41333333333333
Completeness,20.0,20.0,0.03059200083737827,95.40666666666667
Completeness,30.0,29.99960439908221,0.027500666653119173,97.61333333333333
Consistency,10.0,10.003513826908888,0.04614030719612281,88.84666666666668
Consistency,20.0,19.994026494254893,0.04100426733431644,95.41333333333334
Consistency,30.0,30.012649776871992,0.034842743345243836,97.34666666666666
Textual Accuracy,10.0,9.985324629320377,0.05826689825496828,82.35333333333334
Textual Accuracy,20.0,19.998987905470372,0.03165324630129231,92.34
Textual Accuracy,30.0,30.011639087090735,0.04865033235072852,95.74666666666667
Understandability,10.0,9.994461587150882,0.08705917052618516,71.09333333333335
Understandability,20.0,19.99723079357544,0.05777669805192546,87.45333333333333
Understandability,30.0,29.950549885275734,0.02691830973369008,92.59333333333333
Validity,10.0,10.03164807342353,0.03648868979564023,87.7
Validity,20.0,19.966373921987497,0.03823744310156891,95.5
Validity,30.0,30.010681224780445,0.036617133806074176,97.82
