Model,Dimension,Severity,Severity_Percent,Perturbation_Seed,Clean_Accuracy,Clean_Macro_F1,Perturbed_Accuracy,Perturbed_Macro_F1,Delta_F1,Realized_Rate,Changed_Instance_Rate
AraBERTv2,Textual Accuracy,0.1,10,42,0.6742857142857143,0.5960884353741497,0.6571428571428571,0.5824883693188596,0.013600066055290072,0.09844408899229315,0.4685714285714286
AraBERTv2,Textual Accuracy,0.1,10,43,0.6742857142857143,0.5960884353741497,0.6685714285714286,0.595210321139792,0.0008781142343576853,0.10135233386651156,0.47785714285714287
AraBERTv2,Textual Accuracy,0.1,10,44,0.6742857142857143,0.5960884353741497,0.6535714285714286,0.5778284715214528,0.018259963852696903,0.10047986040424604,0.47785714285714287
AraBERTv2,Textual Accuracy,0.1,10,45,0.6742857142857143,0.5960884353741497,0.6571428571428571,0.5837091514604871,0.012379283913662609,0.10251563181619892,0.48142857142857143
AraBERTv2,Textual Accuracy,0.1,10,46,0.6742857142857143,0.5960884353741497,0.6642857142857143,0.5875084002848574,0.008580035089292282,0.10396975425330812,0.49
AraBERTv2,Textual Accuracy,0.2,20,42,0.6742857142857143,0.5960884353741497,0.6592857142857143,0.5860091167264592,0.010079318647690516,0.20415879017013233,0.7964285714285714
AraBERTv2,Textual Accuracy,0.2,20,43,0.6742857142857143,0.5960884353741497,0.6628571428571428,0.590647332269479,0.005441103104670719,0.1976152392031409,0.775
AraBERTv2,Textual Accuracy,0.2,20,44,0.6742857142857143,0.5960884353741497,0.6457142857142857,0.5698327898425033,0.026255645531646388,0.19848771266540643,0.78
AraBERTv2,Textual Accuracy,0.2,20,45,0.6742857142857143,0.5960884353741497,0.6414285714285715,0.5701791939330927,0.025909241441056996,0.2031409044641559,0.7921428571428571
AraBERTv2,Textual Accuracy,0.2,20,46,0.6742857142857143,0.5960884353741497,0.665,0.5868150843328914,0.00927335104125826,0.19936018612767195,0.7785714285714286
AraBERTv2,Textual Accuracy,0.3,30,42,0.6742857142857143,0.5960884353741497,0.6457142857142857,0.5735230533390983,0.02256538203505143,0.29998545877562893,0.9
AraBERTv2,Textual Accuracy,0.3,30,43,0.6742857142857143,0.5960884353741497,0.6314285714285715,0.5629986135005844,0.03308982187356524,0.297949687363676,0.8878571428571429
AraBERTv2,Textual Accuracy,0.3,30,44,0.6742857142857143,0.5960884353741497,0.6478571428571429,0.5739798075563958,0.022108627817753912,0.2983859240948088,0.9057142857142857
AraBERTv2,Textual Accuracy,0.3,30,45,0.6742857142857143,0.5960884353741497,0.6385714285714286,0.5685496837817559,0.02753875159239383,0.297949687363676,0.8957142857142857
AraBERTv2,Textual Accuracy,0.3,30,46,0.6742857142857143,0.5960884353741497,0.65,0.5786820486616092,0.017406386712540467,0.3010033444816054,0.8971428571428571
AraBERTv2,Completeness,0.1,10,42,0.6742857142857143,0.5960884353741497,0.6592857142857143,0.5854025438329095,0.010685891541240222,0.09801089009889988,0.585
AraBERTv2,Completeness,0.1,10,43,0.6742857142857143,0.5960884353741497,0.6692857142857143,0.5963822599978207,-0.0002938246236710018,0.09934437159684409,0.5935714285714285
AraBERTv2,Completeness,0.1,10,44,0.6742857142857143,0.5960884353741497,0.6685714285714286,0.594,0.002088435374149711,0.10056672963662629,0.5957142857142858
AraBERTv2,Completeness,0.1,10,45,0.6742857142857143,0.5960884353741497,0.6635714285714286,0.5881836049110698,0.007904830463079882,0.09878875430603401,0.585
AraBERTv2,Completeness,0.1,10,46,0.6742857142857143,0.5960884353741497,0.6685714285714286,0.5933890670732775,0.0026993683008721403,0.10312256917435271,0.6142857142857143
AraBERTv2,Completeness,0.2,20,42,0.6742857142857143,0.5960884353741497,0.655,0.5838151996696126,0.012273235704537089,0.20024447160795644,0.8957142857142857
AraBERTv2,Completeness,0.2,20,43,0.6742857142857143,0.5960884353741497,0.6678571428571428,0.5934296736383173,0.002658761735832349,0.1987998666518502,0.8807142857142857
AraBERTv2,Completeness,0.2,20,44,0.6742857142857143,0.5960884353741497,0.6664285714285715,0.5946881708831371,0.0014002644910126039,0.2050227803089232,0.9064285714285715
AraBERTv2,Completeness,0.2,20,45,0.6742857142857143,0.5960884353741497,0.6485714285714286,0.5757575757575757,0.020330859616573993,0.19891099011001223,0.895
AraBERTv2,Completeness,0.2,20,46,0.6742857142857143,0.5960884353741497,0.6442857142857142,0.5747857461741696,0.02130268919998013,0.1994666074008223,0.8892857142857142
AraBERTv2,Completeness,0.3,30,42,0.6742857142857143,0.5960884353741497,0.6657142857142857,0.592926160085888,0.003162275288261629,0.30258917657517503,0.975
AraBERTv2,Completeness,0.3,30,43,0.6742857142857143,0.5960884353741497,0.6507142857142857,0.5780426875833236,0.018045747790826128,0.30036670741193466,0.975
AraBERTv2,Completeness,0.3,30,44,0.6742857142857143,0.5960884353741497,0.6578571428571428,0.5836641897190012,0.012424245655148436,0.2994777197466385,0.9664285714285714
AraBERTv2,Completeness,0.3,30,45,0.6742857142857143,0.5960884353741497,0.6535714285714286,0.5790658734011167,0.01702256197303298,0.3001444604956106,0.9721428571428572
AraBERTv2,Completeness,0.3,30,46,0.6742857142857143,0.5960884353741497,0.6492857142857142,0.5793040094641297,0.01678442591001994,0.2994777197466385,0.97
AraBERTv2,Consistency,0.1,10,42,0.6742857142857143,0.5960884353741497,0.6935714285714286,0.6116519920778558,-0.015563556703706127,0.1001730852444829,0.5942857142857143
AraBERTv2,Consistency,0.1,10,43,0.6742857142857143,0.5960884353741497,0.6885714285714286,0.6082267253042918,-0.012138289930142099,0.09941583729987019,0.5964285714285714
AraBERTv2,Consistency,0.1,10,44,0.6742857142857143,0.5960884353741497,0.6857142857142857,0.6052739501312336,-0.009185514757083957,0.09714409346603202,0.5814285714285714
AraBERTv2,Consistency,0.1,10,45,0.6742857142857143,0.5960884353741497,0.6921428571428572,0.6098415118544426,-0.013753076480292892,0.09974037213327563,0.59
AraBERTv2,Consistency,0.1,10,46,0.6742857142857143,0.5960884353741497,0.7,0.6182056183510638,-0.022117182976914118,0.1020121159671138,0.61
AraBERTv2,Consistency,0.2,20,42,0.6742857142857143,0.5960884353741497,0.6892857142857143,0.6049023252373992,-0.008813889863249491,0.19699264387710946,0.84
AraBERTv2,Consistency,0.2,20,43,0.6742857142857143,0.5960884353741497,0.7057142857142857,0.6203024941017863,-0.0242140587276366,0.20012981393336218,0.855
AraBERTv2,Consistency,0.2,20,44,0.6742857142857143,0.5960884353741497,0.7021428571428572,0.6160299283558412,-0.019941492981691566,0.20099524015577672,0.8571428571428571
AraBERTv2,Consistency,0.2,20,45,0.6742857142857143,0.5960884353741497,0.7071428571428572,0.620815761380812,-0.024727326006662276,0.20142795326698398,0.8614285714285714
AraBERTv2,Consistency,0.2,20,46,0.6742857142857143,0.5960884353741497,0.6914285714285714,0.6079560039515546,-0.011867568577404897,0.19991345737775854,0.8464285714285714
AraBERTv2,Consistency,0.3,30,42,0.6742857142857143,0.5960884353741497,0.7042857142857143,0.6143774151310957,-0.01828897975694599,0.29792297706620513,0.915
AraBERTv2,Consistency,0.3,30,43,0.6742857142857143,0.5960884353741497,0.71,0.6204594017094017,-0.024370966335252042,0.3006274340112505,0.9292857142857143
AraBERTv2,Consistency,0.3,30,44,0.6742857142857143,0.5960884353741497,0.6971428571428572,0.6021831673082491,-0.006094731934099373,0.2996538295110342,0.9214285714285714
AraBERTv2,Consistency,0.3,30,45,0.6742857142857143,0.5960884353741497,0.6985714285714286,0.6062162904348151,-0.01012785506066538,0.29987018606663784,0.92
AraBERTv2,Consistency,0.3,30,46,0.6742857142857143,0.5960884353741497,0.7107142857142857,0.6189595512459082,-0.022871115871758496,0.30149286023366506,0.9307142857142857
AraBERTv2,Validity,0.1,10,42,0.6742857142857143,0.5960884353741497,0.7628571428571429,0.6067934718241467,-0.010705036449996985,0.10112234692743638,0.6085714285714285
AraBERTv2,Validity,0.1,10,43,0.6742857142857143,0.5960884353741497,0.77,0.6220099545204524,-0.025921519146302696,0.10056672963662629,0.5992857142857143
AraBERTv2,Validity,0.1,10,44,0.6742857142857143,0.5960884353741497,0.7635714285714286,0.608561637182083,-0.01247320180793332,0.10190021113457051,0.6064285714285714
AraBERTv2,Validity,0.1,10,45,0.6742857142857143,0.5960884353741497,0.7728571428571429,0.631021999443052,-0.034933564068902356,0.09889987776419602,0.5907142857142857
AraBERTv2,Validity,0.1,10,46,0.6742857142857143,0.5960884353741497,0.7678571428571429,0.6190476190476191,-0.022959183673469385,0.09778864318257584,0.5871428571428572
AraBERTv2,Validity,0.2,20,42,0.6742857142857143,0.5960884353741497,0.8442857142857143,0.6492212067158278,-0.05313277134167815,0.19913323702633626,0.8992857142857142
AraBERTv2,Validity,0.2,20,43,0.6742857142857143,0.5960884353741497,0.8335714285714285,0.6295198409047802,-0.03343140553063051,0.1987998666518502,0.8842857142857142
AraBERTv2,Validity,0.2,20,44,0.6742857142857143,0.5960884353741497,0.8257142857142857,0.609258827135922,-0.013170391761772371,0.20235581731303479,0.9007142857142857
AraBERTv2,Validity,0.2,20,45,0.6742857142857143,0.5960884353741497,0.8385714285714285,0.6255018559200061,-0.029413420545856384,0.20180020002222468,0.9114285714285715
AraBERTv2,Validity,0.2,20,46,0.6742857142857143,0.5960884353741497,0.825,0.6122677138829636,-0.016179278508813955,0.19957773085898434,0.9042857142857142
AraBERTv2,Validity,0.3,30,42,0.6742857142857143,0.5960884353741497,0.8557142857142858,0.6114850941063333,-0.015396658732183655,0.3008112012445827,0.9757142857142858
AraBERTv2,Validity,0.3,30,43,0.6742857142857143,0.5960884353741497,0.8478571428571429,0.6012297422168257,-0.005141306842675997,0.3014779419935548,0.9707142857142858
AraBERTv2,Validity,0.3,30,44,0.6742857142857143,0.5960884353741497,0.85,0.59110102308193,0.004987412292219662,0.3014779419935548,0.9792857142857143
AraBERTv2,Validity,0.3,30,45,0.6742857142857143,0.5960884353741497,0.8542857142857143,0.5900227382346861,0.006065697139463588,0.2999222135792866,0.9728571428571429
AraBERTv2,Validity,0.3,30,46,0.6742857142857143,0.5960884353741497,0.8464285714285714,0.5877384371588741,0.0083499982152756,0.2994777197466385,0.9735714285714285
AraBERTv2,Understandability,0.1,10,42,0.6742857142857143,0.5960884353741497,0.6721428571428572,0.591833882869155,0.004254552504994735,0.09712190243360373,0.30857142857142855
AraBERTv2,Understandability,0.1,10,43,0.6742857142857143,0.5960884353741497,0.6778571428571428,0.5976742333731582,-0.001585797999008487,0.09034337148572064,0.28714285714285714
AraBERTv2,Understandability,0.1,10,44,0.6742857142857143,0.5960884353741497,0.67,0.5901338085111236,0.005954626863026058,0.10356706300700078,0.33
AraBERTv2,Understandability,0.1,10,45,0.6742857142857143,0.5960884353741497,0.6807142857142857,0.600605282757802,-0.004516847383652323,0.09845538393154794,0.3142857142857143
AraBERTv2,Understandability,0.1,10,46,0.6742857142857143,0.5960884353741497,0.6742857142857143,0.5967161169523261,-0.0006276815781763867,0.11090121124569396,0.35285714285714287
AraBERTv2,Understandability,0.2,20,42,0.6742857142857143,0.5960884353741497,0.6771428571428572,0.5964604839923373,-0.0003720486181876259,0.19557728636515168,0.5828571428571429
AraBERTv2,Understandability,0.2,20,43,0.6742857142857143,0.5960884353741497,0.6835714285714286,0.6022602290370555,-0.006171793662905767,0.19968885431714634,0.5964285714285714
AraBERTv2,Understandability,0.2,20,44,0.6742857142857143,0.5960884353741497,0.6757142857142857,0.5946749109126575,0.0014135244614922327,0.20024447160795644,0.5935714285714285
AraBERTv2,Understandability,0.2,20,45,0.6742857142857143,0.5960884353741497,0.6764285714285714,0.5984324809996258,-0.0023440456254760766,0.20235581731303479,0.6042857142857143
AraBERTv2,Understandability,0.2,20,46,0.6742857142857143,0.5960884353741497,0.6721428571428572,0.5924758329797779,0.0036126023943717778,0.20313368152016892,0.6042857142857143
AraBERTv2,Understandability,0.3,30,42,0.6742857142857143,0.5960884353741497,0.6814285714285714,0.5998913221784776,-0.003802886804327943,0.302478053117013,0.7978571428571428
AraBERTv2,Understandability,0.3,30,43,0.6742857142857143,0.5960884353741497,0.6692857142857143,0.5902072039322912,0.005881231441858481,0.3030336704078231,0.7907142857142857
AraBERTv2,Understandability,0.3,30,44,0.6742857142857143,0.5960884353741497,0.68,0.5987460815047022,-0.0026576461305525267,0.30047783087009666,0.7885714285714286
AraBERTv2,Understandability,0.3,30,45,0.6742857142857143,0.5960884353741497,0.6742857142857143,0.5935373456664357,0.002551089707714005,0.29547727525280587,0.775
AraBERTv2,Understandability,0.3,30,46,0.6742857142857143,0.5960884353741497,0.6707142857142857,0.5926099161044065,0.0034785192697431855,0.3008112012445827,0.7842857142857143
Twitter-RoBERTa-Irony,Textual Accuracy,0.1,10,42,0.5635714285714286,0.49709539372539197,0.5571428571428572,0.48999257316373823,0.007102820561653733,0.09844408899229315,0.4685714285714286
Twitter-RoBERTa-Irony,Textual Accuracy,0.1,10,43,0.5635714285714286,0.49709539372539197,0.5621428571428572,0.494233662633462,0.002861731091929942,0.10135233386651156,0.47785714285714287
Twitter-RoBERTa-Irony,Textual Accuracy,0.1,10,44,0.5635714285714286,0.49709539372539197,0.565,0.4963109473501383,0.0007844463752536557,0.10047986040424604,0.47785714285714287
Twitter-RoBERTa-Irony,Textual Accuracy,0.1,10,45,0.5635714285714286,0.49709539372539197,0.5592857142857143,0.4921568869534646,0.0049385067719273645,0.10251563181619892,0.48142857142857143
Twitter-RoBERTa-Irony,Textual Accuracy,0.1,10,46,0.5635714285714286,0.49709539372539197,0.5628571428571428,0.4953635644012213,0.0017318293241706528,0.10396975425330812,0.49
Twitter-RoBERTa-Irony,Textual Accuracy,0.2,20,42,0.5635714285714286,0.49709539372539197,0.5592857142857143,0.49031582363440573,0.006779570090986231,0.20415879017013233,0.7964285714285714
Twitter-RoBERTa-Irony,Textual Accuracy,0.2,20,43,0.5635714285714286,0.49709539372539197,0.5664285714285714,0.49796509859036775,-0.0008697048649757844,0.1976152392031409,0.775
Twitter-RoBERTa-Irony,Textual Accuracy,0.2,20,44,0.5635714285714286,0.49709539372539197,0.5607142857142857,0.49319521872952693,0.0039001749958650356,0.19848771266540643,0.78
Twitter-RoBERTa-Irony,Textual Accuracy,0.2,20,45,0.5635714285714286,0.49709539372539197,0.5735714285714286,0.5025470803656082,-0.00545168664021628,0.2031409044641559,0.7921428571428571
Twitter-RoBERTa-Irony,Textual Accuracy,0.2,20,46,0.5635714285714286,0.49709539372539197,0.5671428571428572,0.49909785658281297,-0.0020024628574210057,0.19936018612767195,0.7785714285714286
Twitter-RoBERTa-Irony,Textual Accuracy,0.3,30,42,0.5635714285714286,0.49709539372539197,0.5671428571428572,0.49599720552906035,0.0010981881963316176,0.29998545877562893,0.9
Twitter-RoBERTa-Irony,Textual Accuracy,0.3,30,43,0.5635714285714286,0.49709539372539197,0.5607142857142857,0.49134849362945004,0.00574690009594192,0.297949687363676,0.8878571428571429
Twitter-RoBERTa-Irony,Textual Accuracy,0.3,30,44,0.5635714285714286,0.49709539372539197,0.5642857142857143,0.49579157180778205,0.0013038219176099153,0.2983859240948088,0.9057142857142857
Twitter-RoBERTa-Irony,Textual Accuracy,0.3,30,45,0.5635714285714286,0.49709539372539197,0.5614285714285714,0.49248528703275113,0.004610106692640836,0.297949687363676,0.8957142857142857
Twitter-RoBERTa-Irony,Textual Accuracy,0.3,30,46,0.5635714285714286,0.49709539372539197,0.5614285714285714,0.4912405303030303,0.005854863422361689,0.3010033444816054,0.8971428571428571
Twitter-RoBERTa-Irony,Completeness,0.1,10,42,0.5635714285714286,0.49709539372539197,0.5314285714285715,0.4769026072850881,0.020192786440303867,0.09801089009889988,0.585
Twitter-RoBERTa-Irony,Completeness,0.1,10,43,0.5635714285714286,0.49709539372539197,0.5392857142857143,0.48215796189301946,0.014937431832372505,0.09934437159684409,0.5935714285714285
Twitter-RoBERTa-Irony,Completeness,0.1,10,44,0.5635714285714286,0.49709539372539197,0.5357142857142857,0.4761733716475096,0.020922022077882352,0.10056672963662629,0.5957142857142858
Twitter-RoBERTa-Irony,Completeness,0.1,10,45,0.5635714285714286,0.49709539372539197,0.5421428571428571,0.4831452002596369,0.013950193465755045,0.09878875430603401,0.585
Twitter-RoBERTa-Irony,Completeness,0.1,10,46,0.5635714285714286,0.49709539372539197,0.54,0.4854069257744009,0.011688467950991044,0.10312256917435271,0.6142857142857143
Twitter-RoBERTa-Irony,Completeness,0.2,20,42,0.5635714285714286,0.49709539372539197,0.5228571428571429,0.4721287120888847,0.024966681636507282,0.20024447160795644,0.8957142857142857
Twitter-RoBERTa-Irony,Completeness,0.2,20,43,0.5635714285714286,0.49709539372539197,0.5235714285714286,0.4741995733009602,0.02289582042443178,0.1987998666518502,0.8807142857142857
Twitter-RoBERTa-Irony,Completeness,0.2,20,44,0.5635714285714286,0.49709539372539197,0.5192857142857142,0.4652591552093531,0.03183623851603884,0.2050227803089232,0.9064285714285715
Twitter-RoBERTa-Irony,Completeness,0.2,20,45,0.5635714285714286,0.49709539372539197,0.5121428571428571,0.4646469340371343,0.03244845968825766,0.19891099011001223,0.895
Twitter-RoBERTa-Irony,Completeness,0.2,20,46,0.5635714285714286,0.49709539372539197,0.5235714285714286,0.4752089919213207,0.021886401804071254,0.1994666074008223,0.8892857142857142
Twitter-RoBERTa-Irony,Completeness,0.3,30,42,0.5635714285714286,0.49709539372539197,0.49785714285714283,0.45723596228115315,0.03985943144423881,0.30258917657517503,0.975
Twitter-RoBERTa-Irony,Completeness,0.3,30,43,0.5635714285714286,0.49709539372539197,0.49714285714285716,0.4514643941620139,0.04563099956337807,0.30036670741193466,0.975
Twitter-RoBERTa-Irony,Completeness,0.3,30,44,0.5635714285714286,0.49709539372539197,0.495,0.4518016937765812,0.04529369994881077,0.2994777197466385,0.9664285714285714
Twitter-RoBERTa-Irony,Completeness,0.3,30,45,0.5635714285714286,0.49709539372539197,0.4942857142857143,0.44884219048529916,0.0482532032400928,0.3001444604956106,0.9721428571428572
Twitter-RoBERTa-Irony,Completeness,0.3,30,46,0.5635714285714286,0.49709539372539197,0.5014285714285714,0.45613941352995124,0.04095598019544072,0.2994777197466385,0.97
Twitter-RoBERTa-Irony,Consistency,0.1,10,42,0.5635714285714286,0.49709539372539197,0.5821428571428572,0.5055539154515307,-0.008458521726138757,0.1001730852444829,0.5942857142857143
Twitter-RoBERTa-Irony,Consistency,0.1,10,43,0.5635714285714286,0.49709539372539197,0.5871428571428572,0.5064782355194176,-0.009382841794025654,0.09941583729987019,0.5964285714285714
Twitter-RoBERTa-Irony,Consistency,0.1,10,44,0.5635714285714286,0.49709539372539197,0.5828571428571429,0.5067269984917043,-0.009631604766312363,0.09714409346603202,0.5814285714285714
Twitter-RoBERTa-Irony,Consistency,0.1,10,45,0.5635714285714286,0.49709539372539197,0.5785714285714286,0.501659125188537,-0.004563731463144982,0.09974037213327563,0.59
Twitter-RoBERTa-Irony,Consistency,0.1,10,46,0.5635714285714286,0.49709539372539197,0.5792857142857143,0.4960393927781944,0.001056000947197544,0.1020121159671138,0.61
Twitter-RoBERTa-Irony,Consistency,0.2,20,42,0.5635714285714286,0.49709539372539197,0.5957142857142858,0.5017405126966881,-0.004645118971296103,0.19699264387710946,0.84
Twitter-RoBERTa-Irony,Consistency,0.2,20,43,0.5635714285714286,0.49709539372539197,0.6014285714285714,0.5146427293331742,-0.017547335607782266,0.20012981393336218,0.855
Twitter-RoBERTa-Irony,Consistency,0.2,20,44,0.5635714285714286,0.49709539372539197,0.61,0.52225,-0.025154606274608027,0.20099524015577672,0.8571428571428571
Twitter-RoBERTa-Irony,Consistency,0.2,20,45,0.5635714285714286,0.49709539372539197,0.5964285714285714,0.5059951948508586,-0.008899801125466678,0.20142795326698398,0.8614285714285714
Twitter-RoBERTa-Irony,Consistency,0.2,20,46,0.5635714285714286,0.49709539372539197,0.5957142857142858,0.5054905279344182,-0.008395134209026212,0.19991345737775854,0.8464285714285714
Twitter-RoBERTa-Irony,Consistency,0.3,30,42,0.5635714285714286,0.49709539372539197,0.6092857142857143,0.5088856552669737,-0.011790261541581748,0.29792297706620513,0.915
Twitter-RoBERTa-Irony,Consistency,0.3,30,43,0.5635714285714286,0.49709539372539197,0.6135714285714285,0.5118835790134428,-0.01478818528805087,0.3006274340112505,0.9292857142857143
Twitter-RoBERTa-Irony,Consistency,0.3,30,44,0.5635714285714286,0.49709539372539197,0.6114285714285714,0.5071392331666305,-0.010043839441238489,0.2996538295110342,0.9214285714285714
Twitter-RoBERTa-Irony,Consistency,0.3,30,45,0.5635714285714286,0.49709539372539197,0.6142857142857143,0.5139838920375647,-0.016888498312172706,0.29987018606663784,0.92
Twitter-RoBERTa-Irony,Consistency,0.3,30,46,0.5635714285714286,0.49709539372539197,0.6221428571428571,0.5211279809071928,-0.024032587181800846,0.30149286023366506,0.9307142857142857
Twitter-RoBERTa-Irony,Validity,0.1,10,42,0.5635714285714286,0.49709539372539197,0.6921428571428572,0.49918619832193345,-0.0020908045965414845,0.10112234692743638,0.6085714285714285
Twitter-RoBERTa-Irony,Validity,0.1,10,43,0.5635714285714286,0.49709539372539197,0.7078571428571429,0.5274700336283551,-0.03037463990296313,0.10056672963662629,0.5992857142857143
Twitter-RoBERTa-Irony,Validity,0.1,10,44,0.5635714285714286,0.49709539372539197,0.7007142857142857,0.5030123416624941,-0.005916947937102124,0.10190021113457051,0.6064285714285714
Twitter-RoBERTa-Irony,Validity,0.1,10,45,0.5635714285714286,0.49709539372539197,0.7121428571428572,0.5344020135751274,-0.037306619849735434,0.09889987776419602,0.5907142857142857
Twitter-RoBERTa-Irony,Validity,0.1,10,46,0.5635714285714286,0.49709539372539197,0.7078571428571429,0.5314695213804875,-0.034374127655095565,0.09778864318257584,0.5871428571428572
Twitter-RoBERTa-Irony,Validity,0.2,20,42,0.5635714285714286,0.49709539372539197,0.8042857142857143,0.5058331272157639,-0.008737733490371935,0.19913323702633626,0.8992857142857142
Twitter-RoBERTa-Irony,Validity,0.2,20,43,0.5635714285714286,0.49709539372539197,0.7971428571428572,0.49065082935777937,0.006444564367612593,0.1987998666518502,0.8842857142857142
Twitter-RoBERTa-Irony,Validity,0.2,20,44,0.5635714285714286,0.49709539372539197,0.8021428571428572,0.4874377305571967,0.009657663168195274,0.20235581731303479,0.9007142857142857
Twitter-RoBERTa-Irony,Validity,0.2,20,45,0.5635714285714286,0.49709539372539197,0.8078571428571428,0.48419367253831225,0.012901721187079718,0.20180020002222468,0.9114285714285715
Twitter-RoBERTa-Irony,Validity,0.2,20,46,0.5635714285714286,0.49709539372539197,0.8142857142857143,0.4968595187544232,0.00023587497096877463,0.19957773085898434,0.9042857142857142
Twitter-RoBERTa-Irony,Validity,0.3,30,42,0.5635714285714286,0.49709539372539197,0.8442857142857143,0.4836745051598714,0.013420888565520539,0.3008112012445827,0.9757142857142858
Twitter-RoBERTa-Irony,Validity,0.3,30,43,0.5635714285714286,0.49709539372539197,0.8364285714285714,0.48015222491929066,0.016943168806101305,0.3014779419935548,0.9707142857142858
Twitter-RoBERTa-Irony,Validity,0.3,30,44,0.5635714285714286,0.49709539372539197,0.8442857142857143,0.4877269309270598,0.009368462798332144,0.3014779419935548,0.9792857142857143
Twitter-RoBERTa-Irony,Validity,0.3,30,45,0.5635714285714286,0.49709539372539197,0.8371428571428572,0.46839338889221976,0.0287020048331722,0.2999222135792866,0.9728571428571429
Twitter-RoBERTa-Irony,Validity,0.3,30,46,0.5635714285714286,0.49709539372539197,0.835,0.47163683119335903,0.025458562532032936,0.2994777197466385,0.9735714285714285
Twitter-RoBERTa-Irony,Understandability,0.1,10,42,0.5635714285714286,0.49709539372539197,0.5628571428571428,0.49475293135291576,0.002342462372476206,0.09712190243360373,0.30857142857142855
Twitter-RoBERTa-Irony,Understandability,0.1,10,43,0.5635714285714286,0.49709539372539197,0.5664285714285714,0.49857650720597135,-0.001481113480579388,0.09034337148572064,0.28714285714285714
Twitter-RoBERTa-Irony,Understandability,0.1,10,44,0.5635714285714286,0.49709539372539197,0.565,0.4975339323715797,-0.0004385386461877583,0.10356706300700078,0.33
Twitter-RoBERTa-Irony,Understandability,0.1,10,45,0.5635714285714286,0.49709539372539197,0.5657142857142857,0.5004589298834952,-0.0033635361581031975,0.09845538393154794,0.3142857142857143
Twitter-RoBERTa-Irony,Understandability,0.1,10,46,0.5635714285714286,0.49709539372539197,0.5585714285714286,0.49224279386184217,0.0048525998635498,0.11090121124569396,0.35285714285714287
Twitter-RoBERTa-Irony,Understandability,0.2,20,42,0.5635714285714286,0.49709539372539197,0.5642857142857143,0.4970127030796487,8.269064574328855e-05,0.19557728636515168,0.5828571428571429
Twitter-RoBERTa-Irony,Understandability,0.2,20,43,0.5635714285714286,0.49709539372539197,0.5678571428571428,0.5008342021096974,-0.0037388083843054587,0.19968885431714634,0.5964285714285714
Twitter-RoBERTa-Irony,Understandability,0.2,20,44,0.5635714285714286,0.49709539372539197,0.5614285714285714,0.4937144257227939,0.0033809680025980726,0.20024447160795644,0.5935714285714285
Twitter-RoBERTa-Irony,Understandability,0.2,20,45,0.5635714285714286,0.49709539372539197,0.5735714285714286,0.5037922077922078,-0.006696814066815826,0.20235581731303479,0.6042857142857143
Twitter-RoBERTa-Irony,Understandability,0.2,20,46,0.5635714285714286,0.49709539372539197,0.5678571428571428,0.4971428571428571,-4.7463417465143376e-05,0.20313368152016892,0.6042857142857143
Twitter-RoBERTa-Irony,Understandability,0.3,30,42,0.5635714285714286,0.49709539372539197,0.5671428571428572,0.4966251815566884,0.0004702121687035765,0.302478053117013,0.7978571428571428
Twitter-RoBERTa-Irony,Understandability,0.3,30,43,0.5635714285714286,0.49709539372539197,0.56,0.49206528704436653,0.005030106681025437,0.3030336704078231,0.7907142857142857
Twitter-RoBERTa-Irony,Understandability,0.3,30,44,0.5635714285714286,0.49709539372539197,0.565,0.4963109473501383,0.0007844463752536557,0.30047783087009666,0.7885714285714286
Twitter-RoBERTa-Irony,Understandability,0.3,30,45,0.5635714285714286,0.49709539372539197,0.5635714285714286,0.4940374615751796,0.0030579321502123835,0.29547727525280587,0.775
Twitter-RoBERTa-Irony,Understandability,0.3,30,46,0.5635714285714286,0.49709539372539197,0.56,0.49206528704436653,0.005030106681025437,0.3008112012445827,0.7842857142857143
