Model,Dimension,Severity,Severity_Percent,Perturbation_Seed,Clean_Accuracy,Clean_Macro_F1,Clean_Sarcastic_F1,Perturbed_Accuracy,Perturbed_Macro_F1,Perturbed_Sarcastic_F1,Delta_F1,Realized_Rate,Changed_Instance_Rate
AraBERTv2,Textual Accuracy,0.1,10,42,0.7873333333333333,0.7138842382205214,0.5689189189189189,0.7846666666666666,0.7156488224809391,0.5755584756898817,-0.0017645842604177009,0.0996660088052224,0.8226666666666667
AraBERTv2,Textual Accuracy,0.1,10,43,0.7873333333333333,0.7138842382205214,0.5689189189189189,0.7826666666666666,0.7144877331902464,0.5749674054758801,-0.0006034949697250047,0.10027326552299985,0.8256666666666667
AraBERTv2,Textual Accuracy,0.1,10,44,0.7873333333333333,0.7138842382205214,0.5689189189189189,0.7816666666666666,0.7135414426811004,0.5738451528952505,0.0003427955394209592,0.09913465917716714,0.8233333333333334
AraBERTv2,Textual Accuracy,0.1,10,45,0.7873333333333333,0.7138842382205214,0.5689189189189189,0.7833333333333333,0.7136395676691729,0.5723684210526315,0.00024467055134846927,0.1006021962451293,0.8293333333333334
AraBERTv2,Textual Accuracy,0.1,10,46,0.7873333333333333,0.7138842382205214,0.5689189189189189,0.789,0.7192894282683971,0.5794019933554817,-0.005405190047875763,0.09959010171550023,0.8166666666666667
AraBERTv2,Textual Accuracy,0.2,20,42,0.7873333333333333,0.7138842382205214,0.5689189189189189,0.7773333333333333,0.7123386067427601,0.5756035578144854,0.0015456314777613223,0.20006578614442588,0.923
AraBERTv2,Textual Accuracy,0.2,20,43,0.7873333333333333,0.7138842382205214,0.5689189189189189,0.7846666666666666,0.7194997194997195,0.5842985842985843,-0.005615481279198087,0.20014169323414807,0.9266666666666666
AraBERTv2,Textual Accuracy,0.2,20,44,0.7873333333333333,0.7138842382205214,0.5689189189189189,0.777,0.7134261763983967,0.5784499054820416,0.00045806182212471125,0.2000910885076666,0.9226666666666666
AraBERTv2,Textual Accuracy,0.2,20,45,0.7873333333333333,0.7138842382205214,0.5689189189189189,0.78,0.71555059062041,0.5801526717557252,-0.0016663523998886598,0.20021760032387026,0.9266666666666666
AraBERTv2,Textual Accuracy,0.2,20,46,0.7873333333333333,0.7138842382205214,0.5689189189189189,0.7783333333333333,0.7135131743013132,0.5772409408773045,0.00037106391920815884,0.19943322706340771,0.918
AraBERTv2,Textual Accuracy,0.3,30,42,0.7873333333333333,0.7138842382205214,0.5689189189189189,0.7803333333333333,0.7190643606923721,0.5878674171357098,-0.005180122471850734,0.30046556348362935,0.961
AraBERTv2,Textual Accuracy,0.3,30,43,0.7873333333333333,0.7138842382205214,0.5689189189189189,0.7723333333333333,0.7064789086688139,0.5674477517416087,0.0074053295517074735,0.30013663276149993,0.9563333333333334
AraBERTv2,Textual Accuracy,0.3,30,44,0.7873333333333333,0.7138842382205214,0.5689189189189189,0.7716666666666666,0.7056194032769216,0.5661811272957568,0.008264834943599753,0.3004149587571479,0.9586666666666667
AraBERTv2,Textual Accuracy,0.3,30,45,0.7873333333333333,0.7138842382205214,0.5689189189189189,0.7726666666666666,0.7105222201785537,0.5763975155279503,0.0033620180419676737,0.2992763524113152,0.9546666666666667
AraBERTv2,Textual Accuracy,0.3,30,46,0.7873333333333333,0.7138842382205214,0.5689189189189189,0.7716666666666666,0.7048970291675181,0.5645263827082009,0.00898720905300332,0.3002884469409443,0.9566666666666667
AraBERTv2,Completeness,0.1,10,42,0.7873333333333333,0.7138842382205214,0.5689189189189189,0.7873333333333333,0.7090683133136664,0.5581717451523546,0.004815924906855007,0.10071999367038531,0.8826666666666667
AraBERTv2,Completeness,0.1,10,43,0.7873333333333333,0.7138842382205214,0.5689189189189189,0.7893333333333333,0.7144881024662445,0.5683060109289617,-0.000603864245723118,0.10032439275259118,0.8773333333333333
AraBERTv2,Completeness,0.1,10,44,0.7873333333333333,0.7138842382205214,0.5689189189189189,0.782,0.7028936522819949,0.5495867768595041,0.010990585938526531,0.09949363082522351,0.867
AraBERTv2,Completeness,0.1,10,45,0.7873333333333333,0.7138842382205214,0.5689189189189189,0.7883333333333333,0.7121987396873104,0.5641729581331503,0.0016854985332109829,0.09929583036632644,0.8736666666666667
AraBERTv2,Completeness,0.1,10,46,0.7873333333333333,0.7138842382205214,0.5689189189189189,0.7813333333333333,0.700007133976692,0.5438108484005564,0.013877104243829375,0.10010681224780442,0.87
AraBERTv2,Completeness,0.2,20,42,0.7873333333333333,0.7138842382205214,0.5689189189189189,0.7823333333333333,0.6928908222954051,0.5271542360608255,0.020993415925116277,0.19975868344014558,0.9513333333333334
AraBERTv2,Completeness,0.2,20,43,0.7873333333333333,0.7138842382205214,0.5689189189189189,0.783,0.6992659965313189,0.5405786873676782,0.01461824168920245,0.20021362449560884,0.9606666666666667
AraBERTv2,Completeness,0.2,20,44,0.7873333333333333,0.7138842382205214,0.5689189189189189,0.779,0.6916083515993494,0.5274411974340698,0.02227588662117197,0.2001147242661603,0.9556666666666667
AraBERTv2,Completeness,0.2,20,45,0.7873333333333333,0.7138842382205214,0.5689189189189189,0.7783333333333333,0.6927985986072613,0.5306986591390261,0.021085639613260043,0.19960044307302793,0.95
AraBERTv2,Completeness,0.2,20,46,0.7873333333333333,0.7138842382205214,0.5689189189189189,0.789,0.7055627248301481,0.5488239486813971,0.008321513390373236,0.20031252472505737,0.9526666666666667
AraBERTv2,Completeness,0.3,30,42,0.7873333333333333,0.7138842382205214,0.5689189189189189,0.7773333333333333,0.6817665576669487,0.5073746312684366,0.03211768055357267,0.2997665954585015,0.9763333333333334
AraBERTv2,Completeness,0.3,30,43,0.7873333333333333,0.7138842382205214,0.5689189189189189,0.7706666666666667,0.675936189574817,0.5007256894049347,0.037948048645704335,0.3001424163304059,0.9796666666666667
AraBERTv2,Completeness,0.3,30,44,0.7873333333333333,0.7138842382205214,0.5689189189189189,0.7773333333333333,0.6850356079504305,0.5145348837209303,0.02884863027009088,0.30002373605506766,0.9783333333333334
AraBERTv2,Completeness,0.3,30,45,0.7873333333333333,0.7138842382205214,0.5689189189189189,0.7793333333333333,0.6849537329334074,0.5125184094256259,0.02893050528711394,0.30035999683519266,0.9713333333333334
AraBERTv2,Completeness,0.3,30,46,0.7873333333333333,0.7138842382205214,0.5689189189189189,0.7826666666666666,0.6935166550821394,0.5282199710564399,0.02036758313838194,0.29968747527494266,0.975
AraBERTv2,Consistency,0.1,10,42,0.7873333333333333,0.7138842382205214,0.5689189189189189,0.7843333333333333,0.7110265050181788,0.5654801880456682,0.002857733202342616,0.10024948171053094,0.887
AraBERTv2,Consistency,0.1,10,43,0.7873333333333333,0.7138842382205214,0.5689189189189189,0.7823333333333333,0.7064893716640135,0.5572881355932203,0.007394866556507895,0.09937102498330933,0.885
AraBERTv2,Consistency,0.1,10,44,0.7873333333333333,0.7138842382205214,0.5689189189189189,0.7783333333333333,0.7027193800588929,0.5527908540685945,0.011164858161628488,0.10061843353596402,0.8946666666666667
AraBERTv2,Consistency,0.1,10,45,0.7873333333333333,0.7138842382205214,0.5689189189189189,0.7876666666666666,0.7126277329125157,0.5657805044308112,0.0012565053080056954,0.09988052988509787,0.8856666666666667
AraBERTv2,Consistency,0.1,10,46,0.7873333333333333,0.7138842382205214,0.5689189189189189,0.785,0.7108763822462261,0.5644834571235652,0.003007855974295315,0.10005622123054218,0.89
AraBERTv2,Consistency,0.2,20,42,0.7873333333333333,0.7138842382205214,0.5689189189189189,0.7806666666666666,0.7021905738941525,0.5493150684931507,0.011693664326368869,0.20028813380652868,0.957
AraBERTv2,Consistency,0.2,20,43,0.7873333333333333,0.7138842382205214,0.5689189189189189,0.779,0.6989461298230866,0.5437026841018582,0.014938108397434813,0.2001300115956288,0.9586666666666667
AraBERTv2,Consistency,0.2,20,44,0.7873333333333333,0.7138842382205214,0.5689189189189189,0.7763333333333333,0.6955984258219636,0.5388316151202749,0.018285812398557755,0.20005973505745106,0.9516666666666667
AraBERTv2,Consistency,0.2,20,45,0.7873333333333333,0.7138842382205214,0.5689189189189189,0.779,0.69950829041368,0.544955387783116,0.014375947806841372,0.19998945851927333,0.953
AraBERTv2,Consistency,0.2,20,46,0.7873333333333333,0.7138842382205214,0.5689189189189189,0.785,0.7076664363752996,0.5573095401509952,0.006217801845221804,0.19923398573386275,0.9503333333333334
AraBERTv2,Consistency,0.3,30,42,0.7873333333333333,0.7138842382205214,0.5689189189189189,0.788,0.7071923862654199,0.5533707865168539,0.006691851955101469,0.29995783407709337,0.9753333333333334
AraBERTv2,Consistency,0.3,30,43,0.7873333333333333,0.7138842382205214,0.5689189189189189,0.7816666666666666,0.7008913437954893,0.5454545454545454,0.012992894425032042,0.30001054148072664,0.972
AraBERTv2,Consistency,0.3,30,44,0.7873333333333333,0.7138842382205214,0.5689189189189189,0.7846666666666666,0.7037320588206518,0.5488826815642458,0.010152179399869565,0.3007484451315928,0.9743333333333334
AraBERTv2,Consistency,0.3,30,45,0.7873333333333333,0.7138842382205214,0.5689189189189189,0.7846666666666666,0.7059758809193215,0.5538674033149171,0.007908357301199875,0.29995783407709337,0.972
AraBERTv2,Consistency,0.3,30,46,0.7873333333333333,0.7138842382205214,0.5689189189189189,0.7763333333333333,0.6906293901464615,0.5277973258268824,0.023254848074059864,0.29995783407709337,0.9736666666666667
AraBERTv2,Validity,0.1,10,42,0.7873333333333333,0.7138842382205214,0.5689189189189189,0.7916666666666666,0.7027168823039489,0.5401030169242089,0.011167355916572475,0.10077933380805444,0.8813333333333333
AraBERTv2,Validity,0.1,10,43,0.7873333333333333,0.7138842382205214,0.5689189189189189,0.7826666666666666,0.692579665245031,0.5261627906976745,0.021304572975490377,0.10032439275259118,0.8776666666666667
AraBERTv2,Validity,0.1,10,44,0.7873333333333333,0.7138842382205214,0.5689189189189189,0.7903333333333333,0.7008142703506942,0.5371596762325239,0.01306996786982717,0.09998813197246617,0.8783333333333333
AraBERTv2,Validity,0.1,10,45,0.7873333333333333,0.7138842382205214,0.5689189189189189,0.7863333333333333,0.6947885986479595,0.5276344878408253,0.019095639572561884,0.09992879183479705,0.875
AraBERTv2,Validity,0.1,10,46,0.7873333333333333,0.7138842382205214,0.5689189189189189,0.7856666666666666,0.6951053261732874,0.528937728937729,0.01877891204723403,0.10056175330326766,0.8726666666666667
AraBERTv2,Validity,0.2,20,42,0.7873333333333333,0.7138842382205214,0.5689189189189189,0.785,0.6862591732710327,0.510250569476082,0.027625064949488687,0.1998180235778147,0.9583333333333334
AraBERTv2,Validity,0.2,20,43,0.7873333333333333,0.7138842382205214,0.5689189189189189,0.7866666666666666,0.6891996891996892,0.5151515151515151,0.02468454902083217,0.2001147242661603,0.9556666666666667
AraBERTv2,Validity,0.2,20,44,0.7873333333333333,0.7138842382205214,0.5689189189189189,0.7843333333333333,0.6876628767295005,0.5138993238166792,0.026221361491020834,0.19916528206345438,0.9536666666666667
AraBERTv2,Validity,0.2,20,45,0.7873333333333333,0.7138842382205214,0.5689189189189189,0.7843333333333333,0.6856292735023701,0.5094768764215315,0.028254964718151254,0.1998378036237044,0.9556666666666667
AraBERTv2,Validity,0.2,20,46,0.7873333333333333,0.7138842382205214,0.5689189189189189,0.7863333333333333,0.6922076681105536,0.5219985085756897,0.02167657010996782,0.19938286256824117,0.9516666666666667
AraBERTv2,Validity,0.3,30,42,0.7873333333333333,0.7138842382205214,0.5689189189189189,0.787,0.6857269372016188,0.5073245952197378,0.02815730101890257,0.3001621963762956,0.9773333333333334
AraBERTv2,Validity,0.3,30,43,0.7873333333333333,0.7138842382205214,0.5689189189189189,0.7846666666666666,0.6821066389518771,0.5015432098765432,0.03177759926864432,0.29958857504549413,0.9773333333333334
AraBERTv2,Validity,0.3,30,44,0.7873333333333333,0.7138842382205214,0.5689189189189189,0.7823333333333333,0.6777599596270569,0.4941905499612703,0.036124278593464454,0.3001226362845162,0.9793333333333333
AraBERTv2,Validity,0.3,30,45,0.7873333333333333,0.7138842382205214,0.5689189189189189,0.7856666666666666,0.6823373123233527,0.5011636927851048,0.031546925897168676,0.30061713743175883,0.98
AraBERTv2,Validity,0.3,30,46,0.7873333333333333,0.7138842382205214,0.5689189189189189,0.7826666666666666,0.6766127533613426,0.4914196567862715,0.03727148485917875,0.30004351610095736,0.977
AraBERTv2,Understandability,0.1,10,42,0.7873333333333333,0.7138842382205214,0.5689189189189189,0.783,0.7068517878363456,0.557443915703603,0.00703245038417577,0.10064087348682649,0.717
AraBERTv2,Understandability,0.1,10,43,0.7873333333333333,0.7138842382205214,0.5689189189189189,0.789,0.7149572683569996,0.5696804894629504,-0.0010730301364781925,0.09874198908141467,0.7016666666666667
AraBERTv2,Understandability,0.1,10,44,0.7873333333333333,0.7138842382205214,0.5689189189189189,0.7836666666666666,0.7085534837289167,0.5605958023019635,0.0053307544916046945,0.10083867394572356,0.7143333333333334
AraBERTv2,Understandability,0.1,10,45,0.7873333333333333,0.7138842382205214,0.5689189189189189,0.7863333333333333,0.7113548325700423,0.5642420122365738,0.0025294056504790996,0.09941451064166469,0.7086666666666667
AraBERTv2,Understandability,0.1,10,46,0.7873333333333333,0.7138842382205214,0.5689189189189189,0.79,0.7172147115380587,0.5737483085250338,-0.0033304733175373302,0.10008703220191471,0.713
AraBERTv2,Understandability,0.2,20,42,0.7873333333333333,0.7138842382205214,0.5689189189189189,0.788,0.7113413790620229,0.562585969738652,0.0025428591584985005,0.1998180235778147,0.8766666666666667
AraBERTv2,Understandability,0.2,20,43,0.7873333333333333,0.7138842382205214,0.5689189189189189,0.7833333333333333,0.7055375253917257,0.5541838134430727,0.008346712828795733,0.19930374238468232,0.8686666666666667
AraBERTv2,Understandability,0.2,20,44,0.7873333333333333,0.7138842382205214,0.5689189189189189,0.7906666666666666,0.7168184583861418,0.5722070844686649,-0.0029342201656203937,0.20064878550518236,0.879
AraBERTv2,Understandability,0.2,20,45,0.7873333333333333,0.7138842382205214,0.5689189189189189,0.786,0.7097017494463834,0.560875512995896,0.00418248877413796,0.19960044307302793,0.8743333333333333
AraBERTv2,Understandability,0.2,20,46,0.7873333333333333,0.7138842382205214,0.5689189189189189,0.7933333333333333,0.720167947374724,0.5770804911323328,-0.006283709154202621,0.20049054513806472,0.874
AraBERTv2,Understandability,0.3,30,42,0.7873333333333333,0.7138842382205214,0.5689189189189189,0.786,0.7075208152242249,0.5560165975103735,0.006363422996296442,0.29943033467837643,0.9206666666666666
AraBERTv2,Understandability,0.3,30,43,0.7873333333333333,0.7138842382205214,0.5689189189189189,0.7856666666666666,0.706926872253389,0.5550173010380622,0.006957365967132367,0.2997863755043912,0.9273333333333333
AraBERTv2,Understandability,0.3,30,44,0.7873333333333333,0.7138842382205214,0.5689189189189189,0.788,0.7099803248706767,0.5595567867036011,0.0039039133498446343,0.299390774586597,0.9256666666666666
AraBERTv2,Understandability,0.3,30,45,0.7873333333333333,0.7138842382205214,0.5689189189189189,0.7883333333333333,0.7094721681199921,0.5581071677105081,0.004412070100529242,0.29915341403592055,0.927
AraBERTv2,Understandability,0.3,30,46,0.7873333333333333,0.7138842382205214,0.5689189189189189,0.7916666666666666,0.7177809302693122,0.5733788395904437,-0.0038966920487908396,0.2997665954585015,0.929
Twitter-RoBERTa-Irony,Textual Accuracy,0.1,10,42,0.7353333333333333,0.6432756104749376,0.462059620596206,0.7356666666666667,0.6432358552914241,0.461642905634759,3.975518351351237e-05,0.0996660088052224,0.8226666666666667
Twitter-RoBERTa-Irony,Textual Accuracy,0.1,10,43,0.7353333333333333,0.6432756104749376,0.462059620596206,0.7323333333333333,0.6400523022383248,0.4577987846049966,0.0032233082366128762,0.10027326552299985,0.8256666666666667
Twitter-RoBERTa-Irony,Textual Accuracy,0.1,10,44,0.7353333333333333,0.6432756104749376,0.462059620596206,0.735,0.6439613531618247,0.46392447741065407,-0.0006857426868870364,0.09913465917716714,0.8233333333333334
Twitter-RoBERTa-Irony,Textual Accuracy,0.1,10,45,0.7353333333333333,0.6432756104749376,0.462059620596206,0.7356666666666667,0.6464530652697575,0.46885465505693236,-0.0031774547948199006,0.1006021962451293,0.8293333333333334
Twitter-RoBERTa-Irony,Textual Accuracy,0.1,10,46,0.7353333333333333,0.6432756104749376,0.462059620596206,0.7326666666666667,0.6422802714744833,0.4624664879356568,0.0009953390004543428,0.09959010171550023,0.8166666666666667
Twitter-RoBERTa-Irony,Textual Accuracy,0.2,20,42,0.7353333333333333,0.6432756104749376,0.462059620596206,0.7356666666666667,0.6438873845871047,0.4631008801624915,-0.0006117741121670628,0.20006578614442588,0.923
Twitter-RoBERTa-Irony,Textual Accuracy,0.2,20,43,0.7353333333333333,0.6432756104749376,0.462059620596206,0.7366666666666667,0.6466801951875756,0.46837146702557203,-0.003404584712637937,0.20014169323414807,0.9266666666666666
Twitter-RoBERTa-Irony,Textual Accuracy,0.2,20,44,0.7353333333333333,0.6432756104749376,0.462059620596206,0.732,0.6387828599771409,0.45528455284552843,0.004492750497796738,0.2000910885076666,0.9226666666666666
Twitter-RoBERTa-Irony,Textual Accuracy,0.2,20,45,0.7353333333333333,0.6432756104749376,0.462059620596206,0.733,0.6412742690347442,0.4598786244099798,0.0020013414401934826,0.20021760032387026,0.9266666666666666
Twitter-RoBERTa-Irony,Textual Accuracy,0.2,20,46,0.7353333333333333,0.6432756104749376,0.462059620596206,0.7326666666666667,0.6416366392129947,0.46102150537634407,0.0016389712619429009,0.19943322706340771,0.918
Twitter-RoBERTa-Irony,Textual Accuracy,0.3,30,42,0.7353333333333333,0.6432756104749376,0.462059620596206,0.734,0.6421310691222196,0.4608108108108108,0.0011445413527180204,0.30046556348362935,0.961
Twitter-RoBERTa-Irony,Textual Accuracy,0.3,30,43,0.7353333333333333,0.6432756104749376,0.462059620596206,0.7306666666666667,0.6408888888888888,0.4613333333333333,0.002386721586048801,0.30013663276149993,0.9563333333333334
Twitter-RoBERTa-Irony,Textual Accuracy,0.3,30,44,0.7353333333333333,0.6432756104749376,0.462059620596206,0.7376666666666667,0.6491280736031515,0.47287340924313465,-0.005852463128213858,0.3004149587571479,0.9586666666666667
Twitter-RoBERTa-Irony,Textual Accuracy,0.3,30,45,0.7353333333333333,0.6432756104749376,0.462059620596206,0.7353333333333333,0.6439248983496771,0.4635135135135135,-0.0006492878747395014,0.2992763524113152,0.9546666666666667
Twitter-RoBERTa-Irony,Textual Accuracy,0.3,30,46,0.7353333333333333,0.6432756104749376,0.462059620596206,0.7323333333333333,0.6390673284015357,0.45559322033898303,0.004208282073401959,0.3002884469409443,0.9566666666666667
Twitter-RoBERTa-Irony,Completeness,0.1,10,42,0.7353333333333333,0.6432756104749376,0.462059620596206,0.7396666666666667,0.6423323957852316,0.45574912891986064,0.0009432146897060401,0.10071999367038531,0.8826666666666667
Twitter-RoBERTa-Irony,Completeness,0.1,10,43,0.7353333333333333,0.6432756104749376,0.462059620596206,0.735,0.6316647256350076,0.4365698086463501,0.011610884839930002,0.10032439275259118,0.8773333333333333
Twitter-RoBERTa-Irony,Completeness,0.1,10,44,0.7353333333333333,0.6432756104749376,0.462059620596206,0.7333333333333333,0.6355399566657008,0.4467496542185339,0.007735653809236798,0.09949363082522351,0.867
Twitter-RoBERTa-Irony,Completeness,0.1,10,45,0.7353333333333333,0.6432756104749376,0.462059620596206,0.742,0.6443459273473169,0.4579831932773109,-0.00107031687237924,0.09929583036632644,0.8736666666666667
Twitter-RoBERTa-Irony,Completeness,0.1,10,46,0.7353333333333333,0.6432756104749376,0.462059620596206,0.7323333333333333,0.6350331235089421,0.44658855961405924,0.008242486965995499,0.10010681224780442,0.87
Twitter-RoBERTa-Irony,Completeness,0.2,20,42,0.7353333333333333,0.6432756104749376,0.462059620596206,0.732,0.6173758327469179,0.40795287187039764,0.02589977772801977,0.19975868344014558,0.9513333333333334
Twitter-RoBERTa-Irony,Completeness,0.2,20,43,0.7353333333333333,0.6432756104749376,0.462059620596206,0.7403333333333333,0.6259434843340426,0.4190902311707681,0.017332126140895077,0.20021362449560884,0.9606666666666667
Twitter-RoBERTa-Irony,Completeness,0.2,20,44,0.7353333333333333,0.6432756104749376,0.462059620596206,0.7343333333333333,0.6201128857359617,0.4118081180811808,0.02316272473897596,0.2001147242661603,0.9556666666666667
Twitter-RoBERTa-Irony,Completeness,0.2,20,45,0.7353333333333333,0.6432756104749376,0.462059620596206,0.737,0.6250997239485885,0.42027920646583394,0.01817588652634916,0.19960044307302793,0.95
Twitter-RoBERTa-Irony,Completeness,0.2,20,46,0.7353333333333333,0.6432756104749376,0.462059620596206,0.736,0.6222986244421116,0.4150664697193501,0.02097698603282605,0.20031252472505737,0.9526666666666667
Twitter-RoBERTa-Irony,Completeness,0.3,30,42,0.7353333333333333,0.6432756104749376,0.462059620596206,0.746,0.6185705103947045,0.3981042654028436,0.02470510008023319,0.2997665954585015,0.9763333333333334
Twitter-RoBERTa-Irony,Completeness,0.3,30,43,0.7353333333333333,0.6432756104749376,0.462059620596206,0.742,0.6018245421496673,0.3655737704918033,0.041451068325270346,0.3001424163304059,0.9796666666666667
Twitter-RoBERTa-Irony,Completeness,0.3,30,44,0.7353333333333333,0.6432756104749376,0.462059620596206,0.743,0.6092888905780852,0.38072289156626504,0.033986719896852424,0.30002373605506766,0.9783333333333334
Twitter-RoBERTa-Irony,Completeness,0.3,30,45,0.7353333333333333,0.6432756104749376,0.462059620596206,0.747,0.6162790051026298,0.3923138510808647,0.026996605372307858,0.30035999683519266,0.9713333333333334
Twitter-RoBERTa-Irony,Completeness,0.3,30,46,0.7353333333333333,0.6432756104749376,0.462059620596206,0.7433333333333333,0.6109473684210527,0.384,0.03232824205388496,0.29968747527494266,0.975
Twitter-RoBERTa-Irony,Consistency,0.1,10,42,0.7353333333333333,0.6432756104749376,0.462059620596206,0.7353333333333333,0.632308448446619,0.4376770538243626,0.0109671620283186,0.10024948171053094,0.887
Twitter-RoBERTa-Irony,Consistency,0.1,10,43,0.7353333333333333,0.6432756104749376,0.462059620596206,0.738,0.6363694683592089,0.44413012729844414,0.006906142115728708,0.09937102498330933,0.885
Twitter-RoBERTa-Irony,Consistency,0.1,10,44,0.7353333333333333,0.6432756104749376,0.462059620596206,0.7356666666666667,0.6333103413728127,0.43957597173144874,0.009965269102124918,0.10061843353596402,0.8946666666666667
Twitter-RoBERTa-Irony,Consistency,0.1,10,45,0.7353333333333333,0.6432756104749376,0.462059620596206,0.7363333333333333,0.6320696924812752,0.436208125445474,0.01120591799366244,0.09988052988509787,0.8856666666666667
Twitter-RoBERTa-Irony,Consistency,0.1,10,46,0.7353333333333333,0.6432756104749376,0.462059620596206,0.74,0.6373658253553816,0.4444444444444444,0.005909785119556088,0.10005622123054218,0.89
Twitter-RoBERTa-Irony,Consistency,0.2,20,42,0.7353333333333333,0.6432756104749376,0.462059620596206,0.7376666666666667,0.6217000297544704,0.4122479462285287,0.02157558072046728,0.20028813380652868,0.957
Twitter-RoBERTa-Irony,Consistency,0.2,20,43,0.7353333333333333,0.6432756104749376,0.462059620596206,0.743,0.6313473640220847,0.4284655300222387,0.011928246452852953,0.2001300115956288,0.9586666666666667
Twitter-RoBERTa-Irony,Consistency,0.2,20,44,0.7353333333333333,0.6432756104749376,0.462059620596206,0.74,0.6268475828653512,0.42136498516320475,0.016428027609586393,0.20005973505745106,0.9516666666666667
Twitter-RoBERTa-Irony,Consistency,0.2,20,45,0.7353333333333333,0.6432756104749376,0.462059620596206,0.734,0.6170234821875926,0.40536512667660207,0.026252128287345022,0.19998945851927333,0.953
Twitter-RoBERTa-Irony,Consistency,0.2,20,46,0.7353333333333333,0.6432756104749376,0.462059620596206,0.743,0.6313473640220847,0.4284655300222387,0.011928246452852953,0.19923398573386275,0.9503333333333334
Twitter-RoBERTa-Irony,Consistency,0.3,30,42,0.7353333333333333,0.6432756104749376,0.462059620596206,0.7443333333333333,0.6167324517680027,0.3955870764381403,0.02654315870693491,0.29995783407709337,0.9753333333333334
Twitter-RoBERTa-Irony,Consistency,0.3,30,43,0.7353333333333333,0.6432756104749376,0.462059620596206,0.7436666666666667,0.619660345312796,0.4024864024864025,0.02361526516214163,0.30001054148072664,0.972
Twitter-RoBERTa-Irony,Consistency,0.3,30,44,0.7353333333333333,0.6432756104749376,0.462059620596206,0.7413333333333333,0.6159812503835239,0.3965785381026439,0.027294360091413727,0.3007484451315928,0.9743333333333334
Twitter-RoBERTa-Irony,Consistency,0.3,30,45,0.7353333333333333,0.6432756104749376,0.462059620596206,0.7403333333333333,0.6129615003513488,0.39093041438623927,0.030314110123588867,0.29995783407709337,0.972
Twitter-RoBERTa-Irony,Consistency,0.3,30,46,0.7353333333333333,0.6432756104749376,0.462059620596206,0.743,0.6164987446261327,0.3962411902897416,0.0267768658488049,0.29995783407709337,0.9736666666666667
Twitter-RoBERTa-Irony,Validity,0.1,10,42,0.7353333333333333,0.6432756104749376,0.462059620596206,0.7336666666666667,0.489388896285448,0.1362162162162162,0.15388671418948963,0.10077933380805444,0.8813333333333333
Twitter-RoBERTa-Irony,Validity,0.1,10,43,0.7353333333333333,0.6432756104749376,0.462059620596206,0.7346666666666667,0.4908558738345972,0.13852813852813853,0.15241973664034042,0.10032439275259118,0.8776666666666667
Twitter-RoBERTa-Irony,Validity,0.1,10,44,0.7353333333333333,0.6432756104749376,0.462059620596206,0.733,0.4862924746657534,0.13029315960912052,0.15698313580918422,0.09998813197246617,0.8783333333333333
Twitter-RoBERTa-Irony,Validity,0.1,10,45,0.7353333333333333,0.6432756104749376,0.462059620596206,0.7326666666666667,0.48335217258356555,0.12445414847161572,0.1599234378913721,0.09992879183479705,0.875
Twitter-RoBERTa-Irony,Validity,0.1,10,46,0.7353333333333333,0.6432756104749376,0.462059620596206,0.733,0.4844576754340328,0.12649945474372956,0.15881793504090486,0.10056175330326766,0.8726666666666667
Twitter-RoBERTa-Irony,Validity,0.2,20,42,0.7353333333333333,0.6432756104749376,0.462059620596206,0.735,0.47800108339397784,0.11173184357541899,0.1652745270809598,0.1998180235778147,0.9583333333333334
Twitter-RoBERTa-Irony,Validity,0.2,20,43,0.7353333333333333,0.6432756104749376,0.462059620596206,0.737,0.48478505175766223,0.12430632630410655,0.1584905587172754,0.2001147242661603,0.9556666666666667
Twitter-RoBERTa-Irony,Validity,0.2,20,44,0.7353333333333333,0.6432756104749376,0.462059620596206,0.7333333333333333,0.4742334981611317,0.10514541387024609,0.16904211231380595,0.19916528206345438,0.9536666666666667
Twitter-RoBERTa-Irony,Validity,0.2,20,45,0.7353333333333333,0.6432756104749376,0.462059620596206,0.7333333333333333,0.4752015226153157,0.10714285714285714,0.16807408785962197,0.1998378036237044,0.9556666666666667
Twitter-RoBERTa-Irony,Validity,0.2,20,46,0.7353333333333333,0.6432756104749376,0.462059620596206,0.7333333333333333,0.4732609710960737,0.1031390134529148,0.17001463937886396,0.19938286256824117,0.9516666666666667
Twitter-RoBERTa-Irony,Validity,0.3,30,42,0.7353333333333333,0.6432756104749376,0.462059620596206,0.7346666666666667,0.4758946662405933,0.10762331838565023,0.16738094423434435,0.3001621963762956,0.9773333333333334
Twitter-RoBERTa-Irony,Validity,0.3,30,43,0.7353333333333333,0.6432756104749376,0.462059620596206,0.7343333333333333,0.47377444577400823,0.10348706411698538,0.1695011647009294,0.29958857504549413,0.9773333333333334
Twitter-RoBERTa-Irony,Validity,0.3,30,44,0.7353333333333333,0.6432756104749376,0.462059620596206,0.7323333333333333,0.46981289831433953,0.09673790776152981,0.1734627121605981,0.3001226362845162,0.9793333333333333
Twitter-RoBERTa-Irony,Validity,0.3,30,45,0.7353333333333333,0.6432756104749376,0.462059620596206,0.734,0.4726240324831874,0.10135135135135136,0.17065157799175024,0.30061713743175883,0.98
Twitter-RoBERTa-Irony,Validity,0.3,30,46,0.7353333333333333,0.6432756104749376,0.462059620596206,0.735,0.4789608316178365,0.11371237458193979,0.16431477885710116,0.30004351610095736,0.977
Twitter-RoBERTa-Irony,Understandability,0.1,10,42,0.7353333333333333,0.6432756104749376,0.462059620596206,0.7366666666666667,0.6444226263634967,0.4633152173913043,-0.0011470158885590331,0.10064087348682649,0.717
Twitter-RoBERTa-Irony,Understandability,0.1,10,43,0.7353333333333333,0.6432756104749376,0.462059620596206,0.7333333333333333,0.6405799601762596,0.45799457994579945,0.0026956502986780206,0.09874198908141467,0.7016666666666667
Twitter-RoBERTa-Irony,Understandability,0.1,10,44,0.7353333333333333,0.6432756104749376,0.462059620596206,0.736,0.6454654191505973,0.46630727762803237,-0.0021898086756596546,0.10083867394572356,0.7143333333333334
Twitter-RoBERTa-Irony,Understandability,0.1,10,45,0.7353333333333333,0.6432756104749376,0.462059620596206,0.7386666666666667,0.648409471418321,0.4702702702702703,-0.005133860943383306,0.09941451064166469,0.7086666666666667
Twitter-RoBERTa-Irony,Understandability,0.1,10,46,0.7353333333333333,0.6432756104749376,0.462059620596206,0.7336666666666667,0.6408652495552019,0.4583050847457627,0.002410360919735788,0.10008703220191471,0.713
Twitter-RoBERTa-Irony,Understandability,0.2,20,42,0.7353333333333333,0.6432756104749376,0.462059620596206,0.732,0.6426666666666667,0.464,0.0006089438082709231,0.1998180235778147,0.8766666666666667
Twitter-RoBERTa-Irony,Understandability,0.2,20,43,0.7353333333333333,0.6432756104749376,0.462059620596206,0.733,0.6422445603084408,0.4620550705171256,0.0010310501664968497,0.19930374238468232,0.8686666666666667
Twitter-RoBERTa-Irony,Understandability,0.2,20,44,0.7353333333333333,0.6432756104749376,0.462059620596206,0.7356666666666667,0.6458176483453104,0.4674278038952317,-0.002542037870372771,0.20064878550518236,0.879
Twitter-RoBERTa-Irony,Understandability,0.2,20,45,0.7353333333333333,0.6432756104749376,0.462059620596206,0.7353333333333333,0.6489757519169284,0.4748677248677249,-0.005700141441990714,0.19960044307302793,0.8743333333333333
Twitter-RoBERTa-Irony,Understandability,0.2,20,46,0.7353333333333333,0.6432756104749376,0.462059620596206,0.731,0.6376004027260952,0.45362220717670954,0.005675207748842448,0.20049054513806472,0.874
Twitter-RoBERTa-Irony,Understandability,0.3,30,42,0.7353333333333333,0.6432756104749376,0.462059620596206,0.7353333333333333,0.6442480191693863,0.4642375168690958,-0.0009724086944487009,0.29943033467837643,0.9206666666666666
Twitter-RoBERTa-Irony,Understandability,0.3,30,43,0.7353333333333333,0.6432756104749376,0.462059620596206,0.733,0.640948809580197,0.4591492234976367,0.002326800894740688,0.2997863755043912,0.9273333333333333
Twitter-RoBERTa-Irony,Understandability,0.3,30,44,0.7353333333333333,0.6432756104749376,0.462059620596206,0.7316666666666667,0.6420630861216965,0.4629753168779186,0.0012125243532411512,0.299390774586597,0.9256666666666666
Twitter-RoBERTa-Irony,Understandability,0.3,30,45,0.7353333333333333,0.6432756104749376,0.462059620596206,0.7336666666666667,0.6456749655394144,0.4691029900332226,-0.002399355064476749,0.29915341403592055,0.927
Twitter-RoBERTa-Irony,Understandability,0.3,30,46,0.7353333333333333,0.6432756104749376,0.462059620596206,0.727,0.6338754470198996,0.449226630800269,0.009400163455038024,0.2997665954585015,0.929
